firm_name,domain,website,phone,address,state,google_rating,rating_count,attorney_count,team_page_found,practice_areas,is_law_firm,faq_present,schema_present,google_ads_pixel,book_call_cta,passes_icp,icp_reason,score,priority_tier,query_practice_area,query_city,source,place_id,first_seen,enrich_status
Sandoval & James Car Accident & Personal Injury Lawyers Austin,sj-lawfirm.com,https://sj-lawfirm.com/austin-texas-car-accident-lawyer-near-me/?utm_source=google&utm_medium=organic&utm_campaign=gmbwebsite,(512) 382-7707,"4807 Spicewood Springs Rd Bldg. 2, STE 100, Austin, TX 78759",Texas,4.9,2772,,True,personal injury,True,False,True,False,True,True,,2,B,personal injury,"Austin, TX",google_places,ChIJ76oaF4zMRIYRqC5ggUkSQrc,2026-06-10,ok
McMinn Personal Injury Lawyers Austin,mcminnlaw.com,https://www.mcminnlaw.com/?utm_campaign=gmb&utm_medium=organic&utm_source=google,(254) 527-6517,"502 W 14th St, Austin, TX 78701",TX,4.9,331,3,True,personal injury,True,False,True,True,True,True,,4,A,personal injury,"Austin, TX",google_places,ChIJaYjU5nS1RIYRPdBxZi6syvM,2026-06-10,ok
TK Injury Lawyers: Austin Personal Injury Lawyer,tkinjurylawyers.com,https://www.tkinjurylawyers.com/,(737) 260-7531,"1002 Rio Grande St, Austin, TX 78701",TX,5,222,5,True,personal injury,True,True,True,False,True,True,,1,C,personal injury,"Austin, TX",google_places,ChIJx2fWvwy1RIYRhdrREOhFwdM,2026-06-10,ok
Joe Lopez Law: Austin Car Accident Attorney,joelopezlaw.com,https://www.joelopezlaw.com/car-accident-lawyer-austin/,(512) 580-9962,"1502 West Ave, Austin, TX 78701",Texas,5,158,1,True,personal injury,True,True,True,True,True,False,headcount_out_of_range(1),0,,personal injury,"Austin, TX",google_places,ChIJaZ2CjnO1RIYRLCHaMaROVVE,2026-06-10,ok
FVF Law Firm – Injury & Wrongful Death Lawyers – Austin,fvflawfirm.com,https://www.fvflawfirm.com/?utm_source=GMBlisting&utm_medium=organic,(512) 982-9328,"3101 Bee Caves Rd #301, Austin, TX 78746",TX,4.9,326,,True,personal injury,True,True,True,False,True,True,,1,C,personal injury,"Austin, TX",google_places,ChIJbU3NrZdKW4YR5hwwaLKmAr0,2026-06-10,ok
Anderson Injury Lawyers Austin,maafirm.com,https://maafirm.com/austin-personal-injury-lawyer/?utm_source=google&utm_medium=organic&utm_campaign=gmb-austin,(512) 883-5182,"811 Nueces St, Austin, TX 78701",TX,5,146,12,True,personal injury,True,True,True,True,True,True,,3,B,personal injury,"Austin, TX",google_places,ChIJEQf7mBWfToYRDY2J55WnuJA,2026-06-10,ok
Lorenz & Lorenz,lorenzandlorenz.com,https://www.lorenzandlorenz.com/,(512) 477-7333,"1515 S Capital of Texas Hwy #500, Austin, TX 78746",TX,4.6,1351,6,True,personal injury,True,True,True,True,True,True,,3,B,personal injury,"Austin, TX",google_places,ChIJF1DEtpJKW4YREvKHu4t5lIE,2026-06-10,ok
DJC Law,teamjustice.com,https://teamjustice.com/?utm_source=google&utm_campaign=gbp-austin-hq,(512) 969-2115,"1012 W Anderson Ln., Austin, TX 78757",Texas,4.8,1592,10,True,personal injury,True,False,True,True,True,True,,4,A,personal injury,"Austin, TX",google_places,ChIJP6rZxuozW4YRO_jS9RcRGlg,2026-06-10,ok
Thomas J. Henry Injury Attorneys,thomasjhenrylaw.com,https://thomasjhenrylaw.com/,(512) 520-0221,"4401 West Gate Blvd Ste 200, Austin, TX 78745",Texas,4.7,3078,250,True,personal injury,True,True,True,True,True,False,headcount_out_of_range(250),0,,personal injury,"Austin, TX",google_places,ChIJ38d49oJLW4YRvHh4NgArX_M,2026-06-10,ok
"Herrman & Herrman, P.L.L.C",herrmanandherrman.com,https://www.herrmanandherrman.com/texas-personal-injury-firm/austin/,(737) 209-7277,"1701 Directors Blvd Ste 820, Austin, TX 78744",TX,4.9,852,2,True,personal injury,True,False,True,True,True,True,,4,A,personal injury,"Austin, TX",google_places,ChIJ65a6MLO1RIYRP-mxZNQTMGM,2026-06-10,ok
"Ramos James Law, PLLC",ramosjames.com,https://www.ramosjames.com/?utm_campaign=gmb&utm_content=listing&utm_medium=organic&utm_source=gmb,(512) 881-8260,"2800 S I-35 Frontage Rd Ste 265, Austin, TX 78704",TX,4.9,228,,True,personal injury,True,False,True,False,True,True,,2,B,personal injury,"Austin, TX",google_places,ChIJAQDAaA61RIYREbq83bNUMps,2026-06-10,ok
"Treviño Law, PLLC: Austin Truck Accident Lawyer",rjt-law.com,https://www.rjt-law.com/,(512) 225-5000,"1106 W 6th St #211, Austin, TX 78703",Texas,5,345,1,True,personal injury,True,False,True,True,True,False,headcount_out_of_range(1),0,,personal injury,"Austin, TX",google_places,ChIJnUv943S1RIYR0x8ZP7vP0qM,2026-06-10,ok
Loewy Law Firm,personalinjurylawyersaustintx.com,https://personalinjurylawyersaustintx.com/?utm_source=google&utm_medium=organic&utm_campaign=gmb,(512) 280-0800,"7000 N Mopac Expy Ste 200, Austin, TX 78731",TX,5,233,1,True,personal injury,True,False,True,True,True,False,headcount_out_of_range(1),0,,personal injury,"Austin, TX",google_places,ChIJna_pMga1RIYRojVCu3JrVLU,2026-06-10,ok
The Patel Firm: Austin Car Accident Lawyer,thepatelfirm.com,https://thepatelfirm.com/austin/personal-injury-lawyer/,(512) 887-1447,"611 S Congress Ave #215d, Austin, TX 78704",Texas,4.9,56,6,True,personal injury,True,True,True,True,True,True,,3,B,personal injury,"Austin, TX",google_places,ChIJqW2WJW21RIYR3YI5TyyjEh0,2026-06-10,ok
"Byrd Davis Alden & Henrichson, LLP",byrddavis.com,https://byrddavis.com/?utm_campaign=gmb,(512) 607-9983,"8911 N Capital of Texas Hwy Ste 3150, Austin, TX 78759",TX,5,103,4,True,personal injury,True,False,True,True,False,True,,4,A,personal injury,"Austin, TX",google_places,ChIJn6q5eYDKRIYRWAm6yOAna24,2026-06-10,ok
"The Stewart Law Firm, PLLC",thestewartlawfirm.net,https://thestewartlawfirm.net/?utm_source=gmb&utm_medium=organic&utm_content=listing&utm_campaign=local,(512) 326-3200,"4303 Russell Dr Unit B, Austin, TX 78704",TX,4.8,131,1,True,personal injury,True,False,True,False,True,False,headcount_out_of_range(1),0,,personal injury,"Austin, TX",google_places,ChIJRXm-c4u0RIYRKJE-p4Q79HA,2026-06-10,ok
Glen Larson Law Injury Attorneys,glenlarsonlaw.com,https://www.glenlarsonlaw.com/?utm_source=GMB_Austin_&_medium=organic&utm_campaign=GoogleMyBusiness,(512) 883-0277,"5113 Southwest Pkwy Ste 190, Austin, TX 78735",Texas,4.9,127,1,True,personal injury,True,True,True,False,True,False,headcount_out_of_range(1),0,,personal injury,"Austin, TX",google_places,ChIJpT3IzilKW4YRF4j4Phpjefs,2026-06-10,ok
Zinda Law Group,zdfirm.com,https://www.zdfirm.com/tx/austin-personal-injury-lawyer?utm_source=utm_source&utm_medium=GMB&utm_campaign=Zinda%20Law%20Group&utm_id=Zinda-GMB-Profile,(512) 601-4349,"7801 N Capital of Texas Hwy #300, Austin, TX 78731",TX,4.8,522,8,True,personal injury,True,False,True,True,True,True,,4,A,personal injury,"Austin, TX",google_places,ChIJq0RwLGDLRIYR_qOqnVFv-s8,2026-06-10,ok
Briggle & Polan – Austin Personal Injury & Car Accident Lawyers,brigglepolan.com,https://www.brigglepolan.com/,(512) 400-3278,"1609 Shoal Creek Blvd Ste 304, Austin, TX 78701",TX,4.8,121,2,True,personal injury,True,False,True,False,True,True,,2,B,personal injury,"Austin, TX",google_places,ChIJL_KViAu1RIYRNQUV69nZH0M,2026-06-10,ok
"Wayne Wright, LLP",waynewright.com,https://waynewright.com/austin/,(512) 402-3795,"2550 S I-35 Frontage Rd #152, Austin, TX 78704",TX,4.8,390,,True,personal injury,True,True,True,False,True,True,,1,C,personal injury,"Austin, TX",google_places,ChIJ3z4sa6a1RIYR09xyA4zEk4Y,2026-06-10,ok
Slingshot Law - Injury Attorneys,slingshotlaw.com,https://slingshotlaw.com/practice-areas-texas/austin-personal-injury-lawyer/?utm_source=GMB&utm_medium=organic&utm_campaign=Austin,(800) 488-7840,"1802 Lavaca St, Austin, TX 78701",TX,4.9,158,4,True,personal injury,True,True,True,True,True,True,,3,B,personal injury,"Austin, TX",google_places,ChIJjd8eOjrLRIYR44ADTqlMZOw,2026-06-10,ok
Batrice Law Firm,batricelawfirm.com,https://batricelawfirm.com/,(512) 580-8247,"8030 N Mopac Expy Ste 300, Austin, TX 78759",TX,4.9,253,7,True,personal injury; criminal defense,True,False,True,False,True,True,,2,B,personal injury,"Austin, TX",google_places,ChIJ22yANYZKW4YRqEBXP3p6mFs,2026-06-10,ok
Shamieh Law - Accident & Injury Lawyers,shamiehlaw.com,https://shamiehlaw.com/austin/?utm_source=google&utm_medium=organic&utm_campaign=gbp-austin,(254) 459-3591,"3800 N Lamar Blvd #200, Austin, TX 78756",,4.9,98,,False,personal injury,True,False,False,False,False,True,,3,B,personal injury,"Austin, TX",google_places,ChIJbyHof83LRIYRuYRKa4m-MZI,2026-06-10,ok
Sanchez Law,sanchezlawtx.com,https://sanchezlawtx.com/,(512) 400-2420,"4360 S Congress Ave Ste. 111, Austin, TX 78745",TX,5,165,1,True,personal injury,True,False,True,False,True,False,headcount_out_of_range(1),0,,personal injury,"Austin, TX",google_places,ChIJTcgkKZpLW4YRuJbxEJCGEPs,2026-06-10,ok
Funk & Associates,funklaw.com,https://www.funklaw.com/,(512) 472-3865,"1016 La Posada Dr Ste 285, Austin, TX 78752",TX,4.9,233,,True,personal injury,True,True,True,False,False,True,,1,C,personal injury,"Austin, TX",google_places,ChIJHXPymhrKRIYR2g-VnTnHPgY,2026-06-10,ok
Daniel Stark Injury Lawyers,danielstark.com,https://www.danielstark.com/austin/,(512) 474-8686,"8627 N Mopac Expy Suite 425, Austin, TX 78759",Texas,4.8,438,,True,personal injury,True,False,True,False,True,True,,2,B,personal injury,"Austin, TX",google_places,ChIJHRqvPnW1RIYROYGI3hyo0fs,2026-06-10,ok
Amaro Law Firm - Austin,amarolawfirm.com,https://amarolawfirm.com/austin-personal-injury-lawyers/?utm_source=GBP&utm_medium=Organic&utm_campaign=Austin,(512) 881-8224,"13915 N Mopac Expy Ste 315, Austin, TX 78728",Texas,4.9,142,,False,other,True,False,False,False,False,False,practice_area_mismatch,0,,personal injury,"Austin, TX",google_places,ChIJI4yJGzHPRIYRfP3a6Zx27Tc,2026-06-10,ok
CPM Injury Lawyers: Austin Personal Injury Lawyer,caglefirm.com,https://www.caglefirm.com/,(512) 371-6101,"9433 Bee Caves Rd Ste 1-140, Austin, TX 78733",TX,4.9,116,,True,personal injury,True,False,False,False,True,True,,3,B,personal injury,"Austin, TX",google_places,ChIJJahbVhpLW4YRuQI4yZ-dI_U,2026-06-10,ok
"Levine, Wenholz, and Smith, PLLC",injurylawyeraustintx.com,https://www.injurylawyeraustintx.com/,(512) 982-1510,"7200 N Mopac Expy #420, Austin, TX 78731",Texas,4.8,126,,True,personal injury,True,True,True,False,True,True,,1,C,personal injury,"Austin, TX",google_places,ChIJ462kmObKRIYR5pnlLLvqb5s,2026-06-10,ok
Sneed & Mitchell LLP - Trucking Accident & Wrongful Death Lawyers®,sneedmitchell.com,https://www.sneedmitchell.com/,(512) 253-4440,"5540 N Lamar Blvd Ste #46, Austin, TX 78756",Texas,5,79,6,True,personal injury,True,True,True,False,True,True,,1,C,personal injury,"Austin, TX",google_places,ChIJ4fucwiTLRIYRRBI8X0MOx-0,2026-06-10,ok
Angel Reyes & Associates,reyeslaw.com,https://www.reyeslaw.com/austin/car-accident-lawyers/?utm_source=google&utm_medium=organic&utm_campaign=local_listing_austin_gbp,(512) 975-2489,"3420 Executive Center Dr #163, Austin, TX 78731",TX,4.9,811,6,True,personal injury,True,True,True,False,True,True,,1,C,personal injury,"Austin, TX",google_places,ChIJRyuvcNzLRIYRqyep2n2r4_M,2026-06-10,ok
Williams Caputo Injury Lawyers,williamscaputo.com,https://www.williamscaputo.com/?utm_campaign=gmb&utm_medium=gbp&utm_source=google&utm_campaign=austin,(512) 842-6554,"206 Wild Basin Rd S Building A, Suite 204, Austin, TX 78746",Texas,5,323,6,True,personal injury,True,True,True,False,True,True,,1,C,personal injury,"Austin, TX",google_places,ChIJn_oaYtekFIERZOiK3T61e3w,2026-06-10,ok
The Sutton Law Firm,willsuttonlaw.com,https://willsuttonlaw.com/?utm_source=google&utm_medium=organic&utm_campaign=gmb,(512) 782-0467,"3660 Stoneridge Rd Ste D102, Austin, TX 78746",Texas,5,264,1,True,personal injury; employment,True,False,True,False,True,False,headcount_out_of_range(1),0,,personal injury,"Austin, TX",google_places,ChIJd0BRs5Q3W4YRfPADZ7asV1I,2026-06-10,ok
"Texas Law Guns, Injury & Accident Lawyers",vblawgroup.com,https://www.vblawgroup.com/austin/personal-injury-lawyer/?utm_source=gmb&utm_medium=organic&utm_campaign=gmb-listing-austin,(844) 771-1921,"2211 S Interstate 35 #109, Austin, TX 78741",Texas,5,160,12,True,personal injury,True,True,True,False,True,True,,1,C,personal injury,"Austin, TX",google_places,ChIJqXGXup21RIYR6uk0Jy4LtVY,2026-06-10,ok
Kelley Wolff Injury Attorneys | Austin Accident Lawyers,texasinjuryaccidentlawyers.com,https://texasinjuryaccidentlawyers.com/,(512) 470-6068,"17800 Hamilton Pool Rd Ste. 203, Austin, TX 78738",TX,5,55,2,True,personal injury,True,True,True,True,True,True,,3,B,personal injury,"Austin, TX",google_places,ChIJAQAk91I_W4YR0c1ZQu7wpWA,2026-06-10,ok
The Sharp Firm,sharpfirm.com,https://www.sharpfirm.com/,(512) 407-8800,"7800 N Mopac Expy Ste 200, Austin, TX 78759",TX,4.9,96,2,True,personal injury,True,False,True,False,True,True,,2,B,personal injury,"Austin, TX",google_places,ChIJZcwx3AnLRIYR0qE4U_eFx8E,2026-06-10,ok
The Doan Law Firm,thedoanlawfirm.com,https://www.thedoanlawfirm.com/areas/austin-tx/?utm_source=google&utm_medium=organic&utm_campaign=gbp,(512) 806-0000,"100 Congress Ave. Ste 2000, Austin, TX 78701",TX,5,54,5,True,personal injury,True,False,True,False,True,True,,2,B,personal injury,"Austin, TX",google_places,ChIJpXYDugXLRIYRAnSQVZxfm9I,2026-06-10,ok
Bonilla Law Firm,bonillainjurylaw.com,https://www.bonillainjurylaw.com/?utm_source=google&utm_medium=organic&utm_campaign=gbp,(512) 441-1111,"3910 S I-35 Frontage Rd #200, Austin, TX 78704",Texas,4.9,59,8,True,personal injury,True,True,True,False,True,True,,1,C,personal injury,"Austin, TX",google_places,ChIJ0Rvolo-0RIYRKdCfj5uulSo,2026-06-10,ok
Guajardo Injury Law,guajardoinjurylaw.com,https://guajardoinjurylaw.com/?utm_source=gbp&utm_medium=organic&utm_campaign=gbp-website-austin,(512) 817-2325,"5900 Balcones Dr Ste 110, Austin, TX 78731",TX,5,109,3,True,personal injury,True,False,True,False,True,True,,2,B,personal injury,"Austin, TX",google_places,ChIJY3F4JinLRIYReqL-zibnRoM,2026-06-10,ok
DJC Law Attorneys,teamjustice.com,https://teamjustice.com/south-austin-personal-injury-lawyers/?utm_source=google&utm_campaign=gbp-austin-south,(512) 881-7882,"5717 S I-35 Frontage Rd, Austin, TX 78744",Texas,4.7,104,10,True,personal injury,True,False,True,True,True,True,,4,A,personal injury,"Austin, TX",google_places,ChIJXc7lDhWzRIYRw2iJ0iSIras,2026-06-10,ok
Levine Injury Law,levineinjurylaw.com,http://www.levineinjurylaw.com/,(512) 476-9800,"7000 N Mopac Expy Suite 190, Austin, TX 78731",TX,5,92,1,True,personal injury,True,False,True,False,True,False,headcount_out_of_range(1),0,,personal injury,"Austin, TX",google_places,ChIJPWLoDgm1RIYROTQ0cyP1N1Y,2026-06-10,ok
Butler Injury Law - Personal Injury Attorney,butlerinjury.com,http://butlerinjury.com/?utm_campaign=gmb,(512) 956-9610,"13341 W U.S. 290 Bldg 2, Austin, TX 78737",Texas,4.9,58,1,True,personal injury,True,True,True,False,True,False,headcount_out_of_range(1),0,,personal injury,"Austin, TX",google_places,ChIJc07fWWtLW4YRNIhVdRS8HMo,2026-06-10,ok
The Traub Law Office P.C.,austinaccidentlawyer.com,https://austinaccidentlawyer.com/?utm_source=gmb&utm_medium=organic,(512) 246-9191,"8701 Shoal Creek Blvd #401, Austin, TX 78757",TX,5,62,1,True,personal injury,True,True,True,False,True,False,headcount_out_of_range(1),0,,personal injury,"Austin, TX",google_places,ChIJ50dYpQ7LRIYRKOAtDPaHjXY,2026-06-10,ok
Cap City Injury Attorneys,capcityinjuryattorneys.com,http://capcityinjuryattorneys.com/,(512) 612-3110,"702 Rio Grande St Ste 302, Austin, TX 78701",TX,5,15,2,True,personal injury,True,False,True,False,True,True,,2,B,personal injury,"Austin, TX",google_places,ChIJi0JGWIy1RIYRUus7gwSa3ag,2026-06-10,ok
"Winckler, Harvey & McConnell, LLP",wincklerharvey.com,https://www.wincklerharvey.com/?npcmp=dir:local:2491927:78746,(512) 593-7399,"6836 Bee Caves Rd Bldg 3, Suite 333, Austin, TX 78746",TX,4.3,71,4,True,personal injury; other,True,False,True,False,True,True,,1,C,personal injury,"Austin, TX",google_places,ChIJQ2y8tZtKW4YRlkh3Bor4mlA,2026-06-10,ok
Karns & Karns Personal Injury and Accident Attorneys,karnsandkarns.com,https://www.karnsandkarns.com/locations/austin/,(512) 877-2024,"2512 S I-35 Frontage Rd #350, Austin, TX 78704",TX,5,19,,True,personal injury,True,True,True,True,True,True,,3,B,personal injury,"Austin, TX",google_places,ChIJue2mbHi1RIYRWDo89QlKuYo,2026-06-10,ok
The Carlson Law Firm | Injury Lawyers,carlsonattorneys.com,https://www.carlsonattorneys.com/austin?utm_source=Google+Business+Page&utm_medium=GMB&utm_campaign=North+Austin&utm_id=North+Austin,(512) 346-5688,"11606 N Interstate Hwy 35, Austin, TX 78753",TX,4.6,140,,True,personal injury; criminal defense; family law,True,True,True,True,True,True,,3,B,personal injury,"Austin, TX",google_places,ChIJv5fL_QTLRIYRyRQfztt18o0,2026-06-10,ok
Carabin Shaw PC,carabinshaw.com,http://www.carabinshaw.com/,(512) 832-1101,"1301 W 25th St Ste 406#A, Austin, TX 78705",Texas,4.8,38,1,True,personal injury,True,False,True,True,True,False,headcount_out_of_range(1),0,,personal injury,"Austin, TX",google_places,ChIJ43ew3Hy1RIYRqiKh4nBtQCQ,2026-06-10,ok
"Glasheen, Valles & Inderman Injury Lawyers",gvilaw.com,https://gvilaw.com/our-office-locations/austin/,(512) 643-5500,"1703 West Ave, Austin, TX 78701",TX,5,53,10,True,personal injury,True,False,True,True,True,True,,4,A,personal injury,"Austin, TX",google_places,ChIJW2_Orwq1RIYRXJrlnMMSOac,2026-06-10,ok
The Martinez Law Firm PLLC,themartinezlawfirm.com,http://www.themartinezlawfirm.com/,(512) 444-0025,"2101 S I-35 Frontage Rd Ste 100, Austin, TX 78741",Texas,4.8,170,1,True,personal injury,True,False,True,True,True,False,headcount_out_of_range(1),0,,personal injury,"Austin, TX",google_places,ChIJL-_gKlm0RIYRUmfiwB4cgYQ,2026-06-10,ok
Austin Car Accident and Personal Injury Lawyers – Sutliff & Stout,sutliffstout.com,https://www.sutliffstout.com/austin-personal-injury-lawyer/?utm_source=gbp&utm_campaign=Austin+TX,(512) 842-6646,"9433 Bee Caves Rd Bldg III Suite 200, Austin, TX 78733",TX,5,21,,True,personal injury,True,True,False,False,True,True,,2,B,personal injury,"Austin, TX",google_places,ChIJvQwzuAm1RIYRay8a2gvniL4,2026-06-10,ok
The Law Office of David J. Lopez PLLC,davidjlopezlaw.com,http://www.davidjlopezlaw.com/?utm_source=GMBlisting&utm_medium=organic&utm_campaign=gmb,(512) 400-0601,"1704 1/2 S Congress Ave Ste. M, Austin, TX 78704",TX,5,40,1,True,personal injury,True,False,True,False,True,False,headcount_out_of_range(1),0,,personal injury,"Austin, TX",google_places,ChIJVVVVVQq1RIYRCdZnLW5MVXo,2026-06-10,ok
Breeland Injury Law,breelandinjurylaw.com,https://breelandinjurylaw.com/,(512) 764-3380,"901 S MoPac Expy Bldg 1, Suite 300, Austin, TX 78746",TX,5,40,1,True,personal injury,True,False,True,True,True,False,headcount_out_of_range(1),0,,personal injury,"Austin, TX",google_places,ChIJX9TnBTZLW4YRXxnnPxRw4AQ,2026-06-10,ok
The Carlson Law Firm | Injury Lawyers,carlsonattorneys.com,https://www.carlsonattorneys.com/locations/south-austin?utm_source=Google+Business+Page&utm_medium=GMB&utm_campaign=South+Austin&utm_id=South+Austin,(512) 804-7277,"135 W Slaughter Ln Suite A, Austin, TX 78748",TX,4.6,205,,True,personal injury; criminal defense; family law,True,True,True,True,True,True,,3,B,personal injury,"Austin, TX",google_places,ChIJw86UuoS0RIYR9HfJvRbzv_M,2026-06-10,ok
"Howry, Breen & Herman, LLP",howrybreen.com,https://www.howrybreen.com/?utm_source=GMB&utm_medium=organic&utm_campaign=austin,(512) 430-4844,"1900 Pearl St, Austin, TX 78705",TX,5,55,7,True,personal injury,True,False,True,False,True,True,,2,B,personal injury,"Austin, TX",google_places,ChIJf4JJpnvWRIYRgqe9sVTSN-E,2026-06-10,ok
Daniel Stark Injury Lawyers,danielstark.com,https://www.danielstark.com/south-austin/,(512) 240-9655,"1811 W Ben White Blvd Ste 101, Austin, TX 78704",Texas,4.8,118,,True,personal injury,True,False,True,False,True,True,,2,B,personal injury,"Austin, TX",google_places,ChIJJ9ZlVh9LW4YRz3X8WYqFoCE,2026-06-10,ok
Reyna Law Firm,reynainjurylaw.com,https://www.reynainjurylaw.com/austin,(512) 765-3181,"2025 Guadalupe St #260, Austin, TX 78705",,5,32,,False,personal injury,True,False,False,False,False,True,,3,B,personal injury,"Austin, TX",google_places,ChIJqUSe2Qu1RIYRxGJ9GhqkiME,2026-06-10,ok
"Feltoon Law, PC",feltoonlaw.com,https://feltoonlaw.com/,(737) 281-9100,"2520 S I-35 Frontage Rd #200, Austin, TX 78704",TX,5,42,1,True,personal injury,True,True,True,True,True,False,headcount_out_of_range(1),0,,personal injury,"Austin, TX",google_places,ChIJJ1TsrtSupyMRfeX--D3XJtU,2026-06-10,ok
Shaw Cowart LLP,shawcowart.com,https://www.shawcowart.com/?utm_source=google&utm_medium=organic&utm_campaign=gbp,(512) 499-8900,"1301 W 25th St #406, Austin, TX 78705",Texas,4.6,131,3,True,personal injury,True,True,True,False,True,True,,1,C,personal injury,"Austin, TX",google_places,ChIJHfewg3G1RIYRUlq7iTjOJ3Y,2026-06-10,ok
"The Zimmerman Law Firm, P.C.",thezlawfirm.com,https://www.thezlawfirm.com/austin-personal-injury-lawyer/?utm_source=gmb&utm_medium=local&utm_campaign=austin,(512) 883-9370,"809 S Lamar Blvd Ste H, Austin, TX 78704",TX,4.9,44,8,True,personal injury,True,True,True,False,True,True,,1,C,personal injury,"Austin, TX",google_places,ChIJQZ3H1b5KW4YR66URmB_U2PI,2026-06-10,ok
Kelly Law Team Phoenix,jkphoenixpersonalinjuryattorney.com,https://www.jkphoenixpersonalinjuryattorney.com/?utm_source=google&utm_medium=organic&utm_campaign=gmb-phoenix,(602) 283-4122,"1 E Washington St #1520, Phoenix, AZ 85004",AZ,5,350,6,True,personal injury,True,True,True,False,True,True,,1,C,personal injury,"Phoenix, AZ",google_places,ChIJP6hZlSESK4cRZW6zfd58djA,2026-06-10,ok
Shapiro Law Team,shapirolawaz.com,https://shapirolawaz.com/?utm_campaign=gmb&utm_medium=local&utm_source=gmb,(480) 680-0783,"4203 E Indian School Rd #300, Phoenix, AZ 85018",AZ,5,855,14,True,personal injury,True,False,True,False,True,True,,2,B,personal injury,"Phoenix, AZ",google_places,ChIJzevGAq4LK4cRoOl6cmFDw7w,2026-06-10,ok
Lloyd Baker Injury Attorneys,lloydbakerinjuryattorneys.com,https://lloydbakerinjuryattorneys.com/phoenix-az/?utm_source=google&utm_medium=organic&utm_campaign=gbp,(480) 526-4924,"4428 N 12th St, Phoenix, AZ 85014",Arizona,4.9,844,,True,personal injury,True,True,True,False,True,True,,1,C,personal injury,"Phoenix, AZ",google_places,ChIJUfJhKl4SK4cRxD6GXSNY6Bg,2026-06-10,ok
Phillips Law Group - Injury Lawyers,phillipslaw.com,https://phillipslaw.com/?utm_source=GBP&utm_medium=GBP&utm_campaign=GBP_Phoenix&utm_id=GBP_Phoenix,(602) 288-1591,"3101 N Central Ave #1500, Phoenix, AZ 85012",AZ,4.8,2524,20,True,personal injury,True,True,True,True,True,True,,3,B,personal injury,"Phoenix, AZ",google_places,ChIJayKEyV8SK4cRvCr4be5bMvo,2026-06-10,ok
"National Injury Attorneys, LLC",nationalinjuryattorneys.com,https://nationalinjuryattorneys.com/phoenix-personal-injury-lawyer/?utm_source=organic&utm_medium=gbp,(602) 693-1910,"3030 N Central Ave Ste 1109, Phoenix, AZ 85012",Arizona,5,635,3,True,personal injury,True,False,True,True,True,True,,4,A,personal injury,"Phoenix, AZ",google_places,ChIJQYka4GQhF6IRhISqnoLpF1s,2026-06-10,ok
Hirsch & Lyon,hirschandlyonaccidentlaw.com,https://hirschandlyonaccidentlaw.com/?source=GoogelBusinessProfile&utm_source=GMBlisting&utm_medium=organic,(602) 535-1900,"1212 E Osborn Rd #200, Phoenix, AZ 85014",Arizona,4.9,335,2,True,personal injury,True,False,True,False,True,True,,2,B,personal injury,"Phoenix, AZ",google_places,ChIJE8Cjr30SK4cRhBKrHOnRi3w,2026-06-10,ok
Sargon Law Group,sargonlawgroup.com,https://www.sargonlawgroup.com/?utm_source=google&utm_medium=organic&utm_campaign=gmblisting,(623) 225-5635,"4105 N 20th St Ste 260, Phoenix, AZ 85016",Arizona,4.9,406,10,True,personal injury,True,True,True,False,True,True,,1,C,personal injury,"Phoenix, AZ",google_places,ChIJs1AiB2wSK4cRMpbDvPyw4dY,2026-06-10,ok
Solorzano Law Firm,solorzanolawfirm.com,https://solorzanolawfirm.com/,(602) 507-7778,"1052 E Indian School Rd, Phoenix, AZ 85014",Arizona,5,836,,True,personal injury; immigration,True,True,True,False,True,True,,1,C,personal injury,"Phoenix, AZ",google_places,ChIJIYw6cnwTK4cRQuebTbg5X48,2026-06-10,ok
Torgenson Law,torgensonlaw.com,https://www.torgensonlaw.com/?utm_campaign=gmb,(602) 962-3258,"333 W Roosevelt St, Phoenix, AZ 85003",AZ,5,636,1,True,personal injury,True,True,True,False,True,False,headcount_out_of_range(1),0,,personal injury,"Phoenix, AZ",google_places,ChIJ5YwtVkcSK4cRbV4fVdUroVY,2026-06-10,ok
Lamber Goodnow Injury Lawyers,lambergoodnow.com,https://lambergoodnow.com/,(602) 274-9662,"2394 E Camelback Rd Ste 600, Phoenix, AZ 85016",AZ,4.9,770,3,True,personal injury,True,True,True,False,True,True,,1,C,personal injury,"Phoenix, AZ",google_places,ChIJU5Hxal4SK4cRmg5HQoSdRxo,2026-06-10,ok
Wyatt Injury Law Personal Injury Lawyers,wyattinjurylaw.com,https://www.wyattinjurylaw.com/?utm_campaign=gmb,(623) 352-5614,"5333 N 7th St Ste A-210, Phoenix, AZ 85014",Arizona,5,102,1,True,personal injury,True,True,True,False,True,False,headcount_out_of_range(1),0,,personal injury,"Phoenix, AZ",google_places,ChIJryt_YaFzK4cRPrmuRcNlaX8,2026-06-10,ok
Lerner and Rowe Injury Attorneys,lernerandrowe.com,https://lernerandrowe.com/arizona/phoenix/,(602) 977-1900,"2701 E Camelback Rd Ste 140, Phoenix, AZ 85016",,4.7,986,,False,personal injury,True,False,False,False,False,True,,3,B,personal injury,"Phoenix, AZ",google_places,ChIJE0qDyxINK4cRIxFs3SqL7NU,2026-06-10,ok
Harris Injury Law,callharris.com,https://www.callharris.com/?utm_campaign=gmb,(480) 397-7319,"1136 E Campbell Ave, Phoenix, AZ 85014",Arizona,5,118,2,True,personal injury,True,False,True,True,True,True,,4,A,personal injury,"Phoenix, AZ",google_places,ChIJW58gKdMTK4cRcAvs5OXSYxY,2026-06-10,ok
Big Auto Accident Attorneys,bigauto.com,https://bigauto.com/?utm_campaign=gmb,(480) 409-3949,"3550 N Central Ave Ste 550, Phoenix, AZ 85012",Arizona,4.9,661,8,True,personal injury,True,False,True,True,True,True,,4,A,personal injury,"Phoenix, AZ",google_places,ChIJQYIqcP11K4cRtkxwA3WnwYU,2026-06-10,ok
Runion Personal Injury Lawyers - Phoenix Office,runioninjurylaw.com,https://www.runioninjurylaw.com/?utm_campaign=gmb&utm_medium=organic&utm_source=google,(602) 584-9362,"3200 N Central Ave #1100, Phoenix, AZ 85012",Arizona,4.9,206,1,True,personal injury,True,True,True,True,True,False,headcount_out_of_range(1),0,,personal injury,"Phoenix, AZ",google_places,ChIJW7ZF4nMNK4cRd3ZPrrgjy0Y,2026-06-10,ok
Hutzler Law Personal Injury & Car Accident Lawyer Phoenix,hutzlerlaw.com,https://hutzlerlaw.com/?utm_campaign=gmb&utm_source=googlemaps,(602) 842-9940,"4323 N 12th St Ste 101, Phoenix, AZ 85014",Arizona,4.9,158,6,True,personal injury,True,True,True,False,True,True,,1,C,personal injury,"Phoenix, AZ",google_places,ChIJSSVdtkENK4cR_YNW97Ygx_g,2026-06-10,ok
"Saavedra Law Firm, PLC",legalbetter.com,https://legalbetter.com/,(602) 878-6625,"706 E Bell Rd #111, Phoenix, AZ 85022",Arizona,5,328,1,True,personal injury,True,True,True,False,True,False,headcount_out_of_range(1),0,,personal injury,"Phoenix, AZ",google_places,ChIJuzyv86VtK4cRgVSdVTDLn_Y,2026-06-10,ok
Rafi Law Group,rafilawgroup.com,https://www.rafilawgroup.com/?utm_source=GMB&utm_medium=organic&utm_campaign=phoenix,(623) 207-1555,"2235 N 35th Ave #100, Phoenix, AZ 85009",AZ,4.6,3465,20,True,personal injury,True,False,True,True,True,True,,4,A,personal injury,"Phoenix, AZ",google_places,ChIJG2-BLk1uK4cRQ5fZCsoFqf4,2026-06-10,ok
Gallagher & Kennedy Injury Lawyers,gallagherkennedyinjury.com,https://www.gallagherkennedyinjury.com/,(602) 530-8400,"2575 E Camelback Rd #1100, Phoenix, AZ 85016",Arizona,4.9,144,,True,personal injury,True,True,True,False,True,True,,1,C,personal injury,"Phoenix, AZ",google_places,ChIJNeT1v18NK4cRJq6KYGu9yQ8,2026-06-10,ok
Car Accident Lawyer Pros Phoenix,car-accident-lawyer-phoenix-pros.com,https://car-accident-lawyer-phoenix-pros.com/,(602) 486-7486,"5060 N 19th Ave Ste #300-8, Phoenix, AZ 85015",AZ,4.9,267,,True,personal injury,True,False,False,False,True,True,,3,B,personal injury,"Phoenix, AZ",google_places,ChIJPbzJIFsTK4cRFvNUSxdCvYk,2026-06-10,ok
Moore Injury Law,mooreinjurylaw.com,https://mooreinjurylaw.com/,(602) 795-6605,"5070 N 40th St Unit 240, Phoenix, AZ 85018",AZ,5,92,6,True,personal injury,True,True,True,False,True,True,,1,C,personal injury,"Phoenix, AZ",google_places,ChIJ3dmUlhENK4cRCuVdCpSpkZM,2026-06-10,ok
Esquire Law,esquirelaw.com,https://esquirelaw.com/?y_source=1_MjY3MjIzODktNzE1LWxvY2F0aW9uLndlYnNpdGU%3D,(623) 263-2626,"4747 N 22nd St Suite 300, Phoenix, AZ 85016",Arizona,4.8,520,8,True,personal injury,True,True,True,True,True,True,,3,B,personal injury,"Phoenix, AZ",google_places,ChIJK3QWXK0TK4cRfzvllM0-oe0,2026-06-10,ok
Big Chad Law Injury & Accident Lawyers,bigchadlaw.com,https://www.bigchadlaw.com/,(602) 560-5820,"1610 W McDowell Rd, Phoenix, AZ 85007",Arizona,4.9,620,4,True,personal injury; criminal defense; immigration,True,True,True,False,True,True,,1,C,personal injury,"Phoenix, AZ",google_places,ChIJd1VqW0sSK4cRMpvNtNppxpE,2026-06-10,ok
Phoenix Accident and Injury Law Firm,phxinjurylaw.com,https://phxinjurylaw.com/locations/chandler-car-accident-lawyers/,(480) 634-7480,"600 W Ray Rd B1, Chandler, AZ 85225",Arizona,4.8,138,6,True,personal injury,True,True,True,True,False,True,,3,B,personal injury,"Phoenix, AZ",google_places,ChIJPSt5lK4AK4cRBhYn1D4kFfs,2026-06-10,ok
Morgan & Morgan,forthepeople.com,https://www.forthepeople.com/office-locations/arizona/phoenix/?utm_source=GMB&utm_medium=local&utm_campaign=PhoenixAZGMB,(602) 735-0250,"2355 E Camelback Rd Ste 335, Phoenix, AZ 85016",AZ,4.7,2953,18,True,personal injury; other,True,True,True,True,True,True,,3,B,personal injury,"Phoenix, AZ",google_places,ChIJ_ebI6c8TK4cRoLOmWnznGSQ,2026-06-10,ok
Gage Mathers Law Group,gagemathers.com,https://www.gagemathers.com/,(602) 258-0646,"2525 E Arizona Biltmore Cir, Phoenix, AZ 85016",Arizona,4.7,94,4,True,personal injury,True,True,True,True,True,True,,3,B,personal injury,"Phoenix, AZ",google_places,ChIJKbm3rEcNK4cRVmn3eX4ANyc,2026-06-10,ok
Friedl Richardson,friedlrichardson.com,https://www.friedlrichardson.com/,(602) 553-2220,"13633 N Cave Creek Rd, Phoenix, AZ 85022",AZ,4.9,130,4,True,personal injury,True,False,True,False,True,True,,2,B,personal injury,"Phoenix, AZ",google_places,ChIJvTFocDNwK4cRH6g5W02BqBg,2026-06-10,ok
Goldberg & Osborne - Phoenix Injury Lawyers,1800theeagle.com,https://1800theeagle.com/locations/east-phoenix/?utm_source=googsmbs&utm_medium=organic&utm_campaign=organic,(602) 808-6200,"2600 N 44th St Ste A200, Phoenix, AZ 85008",AZ,4.6,386,10,True,personal injury,True,False,True,True,True,True,,4,A,personal injury,"Phoenix, AZ",google_places,ChIJx1RiRDgMK4cRHtVCI6Tz8nQ,2026-06-10,ok
"McCormick Law, Car Wreck Attorneys PLLC",limits.law,https://limits.law/,(602) 806-7099,"20 E Thomas Rd #2200, Phoenix, AZ 85012",Arizona,4.8,477,5,True,personal injury,True,True,True,False,True,True,,1,C,personal injury,"Phoenix, AZ",google_places,ChIJr9QAyaMTK4cR6aAPilb2AeY,2026-06-10,ok
"Ramos Law Personal Injury & Accident Lawyers - Phoenix, Arizona",ramoslaw.com,https://www.ramoslaw.com/phoenix-arizona/?utm_source=GBP&utm_medium=organic&utm_campaign=phoenix_arizona,(480) 877-9700,"4201 N 24th St #240, Phoenix, AZ 85016",Arizona,4.9,72,,True,personal injury,True,True,True,False,True,True,,1,C,personal injury,"Phoenix, AZ",google_places,ChIJ0xuXI84NK4cRyoz5zC1WS2U,2026-06-10,ok
Zanes Law Injury Lawyers,zaneslaw.com,https://zaneslaw.com/phoenix-injury/?utm_source=google&utm_medium=organic&utm_campaign=phoenix,(602) 960-3571,"3333 E Camelback Rd Unit 250, Phoenix, AZ 85018",Arizona,4.8,738,,True,personal injury,True,True,True,True,True,True,,3,B,personal injury,"Phoenix, AZ",google_places,ChIJFypeKkgMK4cRAlpFj8PnyKs,2026-06-10,ok
"Kamper & Estrada, PLLC",lawphx.com,https://www.lawphx.com/,(602) 875-0006,"3030 N 3rd St Suite 770, Phoenix, AZ 85012",Arizona,5,201,3,True,personal injury; other,True,True,True,False,True,True,,1,C,personal injury,"Phoenix, AZ",google_places,ChIJccWBPMASK4cRCfV5wvjTPQI,2026-06-10,ok
AJ Law - Accident Justice,accidentjustice.com,https://accidentjustice.com/?utm_source=google&utm_medium=organic&utm_campaign=gmb-Phoenix,(602) 353-7576,"7201 N 7th St Suite B, Phoenix, AZ 85020",Arizona,4.9,140,6,True,personal injury,True,True,True,True,True,True,,3,B,personal injury,"Phoenix, AZ",google_places,ChIJVXvkPzxuK4cRjZCztIQBBPU,2026-06-10,ok
TopDog Law Personal Injury Lawyers,topdoglaw.com,https://topdoglaw.com/locations/phoenix-az/personal-injury-lawyer/?utm_source=google&utm_medium=organic&utm_campaign=GMB-Central-Phoenix-AZ,(602) 428-9331,"2700 N Central Ave Ste 320B, Phoenix, AZ 85004",Arizona,4.7,263,,True,personal injury,True,False,True,False,True,True,,2,B,personal injury,"Phoenix, AZ",google_places,ChIJ4UFBdGwTK4cRqIdenf_xFUU,2026-06-10,ok
Thompson Law,1800lionlaw.com,https://1800lionlaw.com/az/phoenix/?utm_source=google&utm_medium=organic&utm_campaign=gbp_phoenix&utm_content=maps,(480) 660-0884,"4745 N 7th St Ste 230, Phoenix, AZ 85014",Texas,4.8,53,32,True,personal injury,True,True,True,False,True,True,,1,C,personal injury,"Phoenix, AZ",google_places,ChIJrS-TSKoTK4cRkprKMfnnY1Q,2026-06-10,ok
Lebovitz Law Group,lebovitzlawgroup.com,https://www.lebovitzlawgroup.com/,(602) 975-5550,"55 E Lexington Ave, Phoenix, AZ 85012",Arizona,5,183,4,True,personal injury,True,True,True,False,True,True,,1,C,personal injury,"Phoenix, AZ",google_places,ChIJ6Seo5mYTK4cRc2GRZXY0IVo,2026-06-10,ok
The Lowrider Lawyers - Truck Crash & Injury Attorneys,lowriderlawyers.com,https://lowriderlawyers.com/,(602) 905-0792,"801 E Washington St, Phoenix, AZ 85034",AZ,5,140,3,True,personal injury,True,False,True,True,False,True,,4,A,personal injury,"Phoenix, AZ",google_places,ChIJf947qTATK4cRmB7m_4Jrz_A,2026-06-10,ok
The Law Offices Of Alcock & Associates P.C.,alcocklaw.com,https://www.alcocklaw.com/,(602) 989-5000,"2 N Central Ave 2600 26th floor, Phoenix, AZ 85004",Arizona,4.9,3535,15,True,personal injury; immigration; criminal defense; family law,True,True,True,False,True,True,,1,C,personal injury,"Phoenix, AZ",google_places,ChIJDf2anCESK4cRwz4SOd3pBhk,2026-06-10,ok
Blake Law Firm,accidentlawyersarizona.com,https://accidentlawyersarizona.com/,(602) 274-7000,"5225 N Central Ave Ste 101, Phoenix, AZ 85012",Arizona,4.9,359,,False,personal injury,True,True,True,False,True,True,,1,C,personal injury,"Phoenix, AZ",google_places,ChIJ7S6unaQSK4cRNWFNF-5ICEI,2026-06-10,ok
Wade & Nysather AZ Accident Attorneys,azaccident.com,https://azaccident.com/car-accident-lawyer-glendale-az/?utm_source=google&utm_medium=organic&utm_campaign=gmb&utm_content=glendale,(623) 254-4944,"15232 N 59th Ave, Glendale, AZ 85306",AZ,4.9,155,,True,personal injury,True,True,True,False,True,True,,1,C,personal injury,"Phoenix, AZ",google_places,ChIJ1dElrBVpK4cReL-OTigQA0E,2026-06-10,ok
CLS Law,clswins.com,https://www.clswins.com/,(855) 257-9467,"2600 N Central Ave #730, Phoenix, AZ 85004",,4.8,122,,False,other,True,False,False,False,False,False,practice_area_mismatch,0,,personal injury,"Phoenix, AZ",google_places,ChIJeZi6wV8NK4cR5J41Y73yF6E,2026-06-10,ok
Impact Legal Car Accident Attorneys Phoenix,impact-legal.com,http://www.impact-legal.com/?utm_campaign=gmb&utm_medium=organic&utm_source=google,(602) 345-1818,"16202 N Cave Creek Rd Ste D, Phoenix, AZ 85032",AZ,5,52,1,True,personal injury,True,True,True,True,True,False,headcount_out_of_range(1),0,,personal injury,"Phoenix, AZ",google_places,ChIJP-8Etu1xK4cRGw2-g3op0Wk,2026-06-10,ok
Alex Law,alexlawfirm.com,https://www.alexlawfirm.com/?utm_source=GMB&utm_medium=organic&utm_campaign=Phoenix,(602) 483-6114,"1717 E Bell Rd #1, Phoenix, AZ 85022",AZ,4.8,254,1,True,personal injury,True,True,True,False,True,False,headcount_out_of_range(1),0,,personal injury,"Phoenix, AZ",google_places,ChIJK05kY-BxK4cRLEmUSb5ldGI,2026-06-10,ok
Valley Injury Law,azvalleyinjurylaw.com,http://www.azvalleyinjurylaw.com/,(480) 841-8009,"4600 E Washington St # 300, Phoenix, AZ 85034",AZ,5,118,,False,personal injury,True,False,True,False,True,True,,2,B,personal injury,"Phoenix, AZ",google_places,ChIJ85pjRzINK4cR0VnlCiIxSAg,2026-06-10,ok
Sweet James Accident Attorneys,sweetjames.com,https://sweetjames.com/phoenix-az/personal-injury-lawyer/?utm_source=google&utm_medium=organic&utm_campaign=gbp-listing-phoenix,(602) 858-7768,"7310 N 16th St #250, Phoenix, AZ 85020",Arizona,4.5,447,400,True,personal injury,True,True,True,True,False,False,headcount_out_of_range(400),0,,personal injury,"Phoenix, AZ",google_places,ChIJ57XBWGcSK4cRubsuN4e2OIQ,2026-06-10,ok
Brad Johnson Injury Law,bradjohnsoninjurylaw.com,https://bradjohnsoninjurylaw.com/?utm_source=GMB&utm_medium=Local&utm_campaign=WebsiteLink,(602) 650-1200,"7448 W Glendale Ave Ste B101, Glendale, AZ 85303",Arizona,4.9,484,6,True,personal injury,True,True,True,True,True,True,,3,B,personal injury,"Phoenix, AZ",google_places,ChIJGz66DPhrK4cR-DKyIuREHac,2026-06-10,ok
ELG Accident Attorneys,elgphx.com,https://www.elgphx.com/,(623) 877-3600,"2950 N 91st Ave Ste C-103, Phoenix, AZ 85037",Arizona,4.9,323,,True,personal injury; other,True,True,True,False,True,True,,1,C,personal injury,"Phoenix, AZ",google_places,ChIJVVVVVUhAK4cRtA8g9tUO6uc,2026-06-10,ok
Michael Cordova,mcordova.com,https://www.mcordova.com/,(602) 265-6700,"1700 N 7th St, Phoenix, AZ 85006",Arizona,4.8,929,4,True,personal injury,True,True,True,False,True,True,,1,C,personal injury,"Phoenix, AZ",google_places,ChIJq6qqqn5sK4cRpH3p7TrCuOU,2026-06-10,ok
Phoenix Car Accident Lawyer Matt Hartley,hartleylawusa.com,https://hartleylawusa.com/?utm_source=google&utm_medium=organic&utm_campaign=Phoenix,(602) 649-1696,"200 E Van Buren St Fl 3, Phoenix, AZ 85004",Arizona,5,209,,True,personal injury,True,False,True,False,True,True,,2,B,personal injury,"Phoenix, AZ",google_places,ChIJIXJtnsUud04R7v4ympmhFR8,2026-06-10,ok
"Ruben Law Group, AZ Injury Attorney",rubenlawgroup.com,https://rubenlawgroup.com/,(623) 777-3405,"231 W Thomas Rd Ste 2, Phoenix, AZ 85013",AZ,4.9,111,2,True,personal injury,True,True,True,False,True,True,,1,C,personal injury,"Phoenix, AZ",google_places,ChIJ8WCp94ITK4cR-czCmQAECEw,2026-06-10,ok
Hutson Law Firm,lawhutson.com,https://lawhutson.com/,(623) 628-7400,"21630 N 19th Ave Ste B4-B, Phoenix, AZ 85027",Arizona,4.9,70,1,True,personal injury,True,False,True,False,True,False,headcount_out_of_range(1),0,,personal injury,"Phoenix, AZ",google_places,ChIJiZ6JOyhvK4cRNVDxUnKCRnY,2026-06-10,ok
Plattner Verderame Arizona Injury Lawyers,plattner-verderame.com,https://plattner-verderame.com/?utm_source=gmb&utm_medium=organic&utm_campaign=GMB-PV-Phoenix,(602) 899-2431,"316 E Flower St, Phoenix, AZ 85012",Arizona,4.9,87,4,True,personal injury,True,False,True,False,True,True,,2,B,personal injury,"Phoenix, AZ",google_places,ChIJw21yS2ASK4cRsB2S05vQ2rg,2026-06-10,ok
CHM Injury Attorneys,chmlaw.com,https://www.chmlaw.com/personal-injury/,(602) 755-6290,"2150 E Highland Ave #107, Phoenix, AZ 85016",AZ,5,63,,True,personal injury; criminal defense; family law,True,False,True,False,True,True,,2,B,personal injury,"Phoenix, AZ",google_places,ChIJVVYeGg4NK4cRKJH1z65w3rg,2026-06-10,ok
"Arizona Injury Law Group, PLLC",azworkcomplaw.com,https://www.azworkcomplaw.com/?utm_source=gmb&utm_medium=organic&utm_content=listing&utm_campaign=local,(602) 346-9009,"1136 E Campbell Ave, Phoenix, AZ 85014",AZ,4.6,46,3,True,employment; personal injury,True,True,True,False,True,True,,1,C,personal injury,"Phoenix, AZ",google_places,ChIJuQ-pTJoSK4cRzN13f_KGDYg,2026-06-10,ok
"Zachar Law Firm, P.C.",zacharassociates.com,https://www.zacharassociates.com/?utm_source=GMB&utm_medium=organic&utm_campaign=Phoenix,(602) 494-4800,"714 E Rose Ln, Phoenix, AZ 85014",California,4.8,496,,True,personal injury,True,True,True,True,True,True,,3,B,personal injury,"Phoenix, AZ",google_places,ChIJ85dxdjpyK4cRbUuohWPu4vc,2026-06-10,ok
Denver Personal Injury Lawyers®,denverlaw.com,https://www.denverlaw.com/,(720) 500-4878,"1001 Bannock St #8, Denver, CO 80204",Colorado,5,328,2,True,personal injury,True,True,True,False,True,True,,1,C,personal injury,"Denver, CO",google_places,ChIJQ0ETWZZ5bIcRc8jtOo-H5Gg,2026-06-10,ok
"Bowman Law, LLC",coloradopersonalinjuryhelp.com,https://coloradopersonalinjuryhelp.com/,(720) 863-6904,"2727 Bryant St #102, Denver, CO 80211",CO,5,516,1,True,personal injury,True,True,True,False,True,False,headcount_out_of_range(1),0,,personal injury,"Denver, CO",google_places,ChIJtX6zsq6Ga4cRhj-cR8n99Ls,2026-06-10,ok
Law Firm of Jeremy Rosenthal,lawfirmofjeremyrosenthal.com,http://www.lawfirmofjeremyrosenthal.com/?utm_source=GBP&utm_medium=GBP&utm_campaign=GBP_Denver&utm_id=GBP_Denver,(720) 414-6977,"600 17th St Suite 2803K, Denver, CO 80202",Colorado,5,234,3,True,personal injury,True,True,True,False,True,True,,1,C,personal injury,"Denver, CO",google_places,ChIJCS7ZizB_bIcRAvI8rdKP3qE,2026-06-10,ok
Zaner Law Personal Injury and Car Accident Attorneys,zanerhardenlaw.com,https://zanerhardenlaw.com/?utm_source=GMB&utm_medium=organic&utm_campaign=denver,(720) 640-6852,"1610 Wynkoop St #120, Denver, CO 80202",Colorado,4.9,440,4,True,personal injury,True,True,True,False,True,True,,1,C,personal injury,"Denver, CO",google_places,ChIJDzQfC8R4bIcRpiilQCWWsqs,2026-06-10,ok
"Bachus & Schanker, Personal Injury Lawyers | Denver Office",coloradolaw.net,https://www.coloradolaw.net/denver/?utm_campaign=local-listings&utm_term=denver,(303) 222-2222,"1801 California St Ste 4800, Denver, CO 80202",Colorado,4.7,1976,,True,personal injury; employment,True,True,True,False,True,True,,1,C,personal injury,"Denver, CO",google_places,ChIJfb0Y6MR4bIcRacInKLYE17A,2026-06-10,ok
Amy G Injury Firm,amyglaw.com,https://amyglaw.com/?utm_source=GBP&utm_medium=GBP&utm_campaign=GBP_Denver_Florida&utm_id=GBP_Denver_Florida,(720) 741-7807,"3801 E Florida Ave #100, Denver, CO 80210",Colorado,4.9,1759,7,True,personal injury; criminal defense; other,True,True,True,False,True,True,,1,C,personal injury,"Denver, CO",google_places,ChIJZSe6lFJ-bIcR58qZm4GVj38,2026-06-10,ok
CGH Injury Lawyers,cghlawfirm.com,https://www.cghlawfirm.com/denver/?utm_source=google&utm_medium=organic&utm_campaign=gbp_denver,(720) 669-8062,"2701 Lawrence St Ste 201, Denver, CO 80205",,5,344,,False,personal injury,True,False,False,False,False,True,,3,B,personal injury,"Denver, CO",google_places,ChIJxdFzG3V-bIcRMutUd5iNALE,2026-06-10,ok
The Wilhite Law Firm - Personal Injury Attorneys,wilhitelawfirm.com,https://www.wilhitelawfirm.com/?utm_source=GBP&utm_medium=GBP&utm_campaign=GBP_Denver&utm_id=GBP_Denver_Ogden,(720) 303-3062,"1600 N Ogden St, Denver, CO 80218",CO,4.7,1605,25,True,personal injury,True,True,True,True,True,True,,3,B,personal injury,"Denver, CO",google_places,ChIJR20Jey15bIcRsSt2PVO6uE4,2026-06-10,ok
Fang Injury Lawyers Denver,fanglawfirm.com,https://www.fanglawfirm.com/?utm_campaign=gmb&utm_medium=organic&utm_source=google,(720) 713-3229,"101 University Blvd Ste 230, Denver, CO 80206",Colorado,4.9,791,13,True,personal injury,True,False,True,True,True,True,,4,A,personal injury,"Denver, CO",google_places,ChIJQeIUwyl_bIcROvgZMIHVkws,2026-06-10,ok
"Frank Azar Car & Truck Accident Lawyers - Denver, Colorado",fdazar.com,https://www.fdazar.com/denver-personal-injury-lawyer/?utm_source=google&utm_medium=organic&utm_campaign=gbpdenvercolfax,(720) 809-7855,"1245 E Colfax Ave #302, Denver, CO 80218",Colorado,4.9,2379,,True,personal injury,True,False,True,False,True,True,,2,B,personal injury,"Denver, CO",google_places,ChIJJcqwf2R5bIcRQlD0lYoaYAk,2026-06-10,ok
Dormer Harpring Denver Personal Injury Lawyers,denvertrial.com,https://www.denvertrial.com/?utm_source=gmb&utm_medium=organic&utm_campaign=gmb-listing,(719) 738-8555,"3457 Ringsby Ct Unit 110, Denver, CO 80216",Colorado,4.9,293,8,True,personal injury,True,True,True,False,True,True,,1,C,personal injury,"Denver, CO",google_places,ChIJjTedYvN9bIcRHigbKXBPbbI,2026-06-10,ok
Monge & Associates Injury and Accident Attorneys,becauseyouwanttowin.com,https://www.becauseyouwanttowin.com/denver-co-personal-injury-lawyer/,(720) 743-5827,"825 Speer Blvd Suite# 6, Denver, CO 80218",Colorado,4.9,243,,True,personal injury,True,True,True,False,True,True,,1,C,personal injury,"Denver, CO",google_places,ChIJ9b_2Vs9_bIcRJ69oBNzqpMY,2026-06-10,ok
Genco Injury Attorneys,gencoinjury.com,https://gencoinjury.com/?utm_campaign=gmb&utm_medium=organic&utm_source=gbp_denver,(303) 647-4522,"1205 S Platte River Dr #200, Denver, CO 80223",Colorado,5,313,2,True,personal injury,True,False,True,False,True,True,,2,B,personal injury,"Denver, CO",google_places,ChIJkQTmxxN_bIcRgdaXZEAjz5o,2026-06-10,ok
Ridder Law - Denver,ridderlaw.com,https://ridderlaw.com/?utm_source=google&utm_medium=organic&utm_campaign=gbp,(720) 812-1047,"1575 Race St, Denver, CO 80206",Colorado,5,199,1,True,personal injury,True,False,True,True,True,False,headcount_out_of_range(1),0,,personal injury,"Denver, CO",google_places,ChIJPeAro915bIcRWmHDwN6qGNQ,2026-06-10,ok
Denver Trial Lawyers,denvertriallawyers.com,https://www.denvertriallawyers.com/?utm_source=Google&utm_medium=organic&utm_campaign=GMB_website,(303) 647-9990,"4601 DTC Blvd #950, Denver, CO 80237",CO,4.9,82,8,True,personal injury,True,False,True,False,True,True,,2,B,personal injury,"Denver, CO",google_places,ChIJX3mI7QCHbIcRuz7K8wVIrqM,2026-06-10,ok
Fuller Personal Injury Law - Denver Car Accident Lawyers,personalinjuryco.com,https://personalinjuryco.com/?utm_campaign=gmb,(720) 902-9644,"1580 Lincoln St #200, Denver, CO 80203",Colorado,4.9,110,1,True,personal injury,True,True,True,False,True,False,headcount_out_of_range(1),0,,personal injury,"Denver, CO",google_places,ChIJ0d-enjV5bIcRTDOk37gBi6I,2026-06-10,ok
Brad Freedberg Attorney at Law,bradfreedberg.com,http://www.bradfreedberg.com/,(303) 892-0900,"730 17th St UNIT 900, Denver, CO 80202",Colorado,4.9,76,1,True,personal injury,True,True,True,False,True,False,headcount_out_of_range(1),0,,personal injury,"Denver, CO",google_places,ChIJqbucyyl5bIcRDSRNwoUDGNo,2026-06-10,ok
Olson Personal Injury Lawyers,olsonlawfirm.com,https://olsonlawfirm.com/denver/?utm_source=google&utm_medium=gbp&utm_campaign=denver,(720) 730-4325,"2150 S Bellaire St Ste 202, Denver, CO 80222",Colorado,4.8,126,4,True,personal injury,True,True,True,True,True,True,,3,B,personal injury,"Denver, CO",google_places,ChIJpc2P1n97bIcR005BSnXs1tw,2026-06-10,ok
Springer & Steinberg,springersteinberg.com,https://www.springersteinberg.com/,(303) 861-2800,"1400 S Colorado Blvd Ste 500, Denver, CO 80222",CO,4.8,127,14,True,personal injury; criminal defense; family law,True,False,True,False,True,True,,2,B,personal injury,"Denver, CO",google_places,ChIJW5XowNV4bIcRKAgVRBZTddM,2026-06-10,ok
Denver Personal Injury Lawyers® | Lakewood Office,denverlaw.com,https://www.denverlaw.com/lakewood-personal-injury-lawyer/,(720) 500-4878,"355 S Teller St Ste 200, Lakewood, CO 80226",CO,5,17,2,True,personal injury,True,False,True,False,True,True,,2,B,personal injury,"Denver, CO",google_places,ChIJI7n1MiqBa4cRiqwjKLpyFTc,2026-06-10,ok
McDivitt Law Firm,mcdivittlaw.com,https://www.mcdivittlaw.com/locations/denver/,(303) 396-6474,"1777 S Harrison St #1350, Denver, CO 80210",Colorado,4.5,427,10,True,personal injury,True,True,True,False,True,True,,1,C,personal injury,"Denver, CO",google_places,ChIJ8xYdqYN-bIcR5VGfpElyiz8,2026-06-10,ok
Levine Law Accident Attorneys - Denver,mydenveraccidentlawfirm.com,https://www.mydenveraccidentlawfirm.com/?utm_source=GMBlisting&utm_medium=organic,(303) 578-3729,"4500 Cherry Creek S Dr #400, Denver, CO 80246",Colorado,4.6,299,5,True,personal injury,True,True,True,False,True,True,,1,C,personal injury,"Denver, CO",google_places,ChIJ1Y8g2dR9bIcRJWZ_hxSS3yo,2026-06-10,ok
The Paul Wilkinson Law Firm,callpaul.com,https://callpaul.com/?utm_source=google&utm_medium=organic&utm_campaign=gbp-listing-denver,(720) 915-2452,"999 Jasmine St, Denver, CO 80220",Colorado,4.8,181,6,True,personal injury,True,True,True,False,True,True,,1,C,personal injury,"Denver, CO",google_places,ChIJ45q8GHV-bIcRaHh16YsNPvM,2026-06-10,ok
Larson Larimer Schneider - Personal Injury Attorney - Denver,larsonandlarimer.com,https://www.larsonandlarimer.com/,(303) 221-0039,"9605 S Kingston Ct Ste 250, Englewood, CO 80112",Colorado,4.8,107,3,True,personal injury,True,True,True,True,True,True,,3,B,personal injury,"Denver, CO",google_places,ChIJlbHgHViGbIcRQASYuUOjdhc,2026-06-10,ok
Fuicelli & Lee Injury Lawyers,coloradoinjurylaw.com,https://coloradoinjurylaw.com/?utm_source=google&utm_medium=organic&utm_campaign=GBP,(303) 355-7202,"1731 Gilpin St, Denver, CO 80218",Colorado,4.9,372,,True,personal injury,True,True,True,True,True,True,,3,B,personal injury,"Denver, CO",google_places,ChIJKbVZZTR5bIcRmgmA63VJDKw,2026-06-10,ok
"Frank Azar Car & Truck Accident Lawyers - Lakeside, Colorado",fdazar.com,https://www.fdazar.com/denver-personal-injury-lawyer/?utm_source=google&utm_medium=organic&utm_campaign=gbpdenverharlan,(303) 529-2104,"4704 N Harlan St Ste 205, Denver, CO 80212",Colorado,4.8,459,1,True,personal injury; other,True,False,True,False,True,False,headcount_out_of_range(1),0,,personal injury,"Denver, CO",google_places,ChIJxyRqerN_bIcR8pOa4fNcD6c,2026-06-10,ok
Manning Herington Accident & Injury Attorneys - Denver,manninglaw.us,https://manninglaw.us/?utm_source=google&utm_medium=organic&utm_campaign=gbp_denver,(720) 697-2959,"2246 Irving St Suite 100, Denver, CO 80211",Colorado,5,50,2,True,personal injury,True,False,True,False,True,True,,2,B,personal injury,"Denver, CO",google_places,ChIJvTiWn8cUiSIR0bDOU7sLF4c,2026-06-10,ok
DM Injury Law Denver,dmlawusa.com,https://www.dmlawusa.com/denver/?utm_source=GMB&utm_medium=organic&utm_campaign=denver,(720) 650-6801,"3401 Quebec St Ste 4060, Denver, CO 80207",Colorado,5,39,70,True,personal injury,True,True,True,True,True,False,headcount_out_of_range(70),0,,personal injury,"Denver, CO",google_places,ChIJfzf8JvZ7bIcRHo0Hchj_KfI,2026-06-10,ok
Cliff Enten Law,entenlaw.com,https://www.entenlaw.com/?utm_campaign=gmb,(303) 333-2222,"50 S Steele St #875, Denver, CO 80209",Colorado,4.8,310,1,True,personal injury; employment,True,False,True,False,True,False,headcount_out_of_range(1),0,,personal injury,"Denver, CO",google_places,ChIJHQ1uYpp-bIcR4RUsa3rmsZM,2026-06-10,ok
Denver Personal Injury Attorneys,accidentlawdenverco.com,https://accidentlawdenverco.com/,(303) 214-4299,"600 17th St Ste 2845, Denver, CO 80202",CO,5,35,1,True,personal injury,True,False,True,False,True,False,headcount_out_of_range(1),0,,personal injury,"Denver, CO",google_places,ChIJh9wGRl2HbIcREcnWk7pR89E,2026-06-10,ok
"Frank Azar Car & Truck Accident Lawyers - Aurora, Colorado",fdazar.com,https://www.fdazar.com/aurora-car-accident-attorney/?utm_source=google&utm_medium=organic&utm_campaign=gbpauroramain,(303) 900-5595,"14426 E Evans Ave, Aurora, CO 80014",Colorado,4.6,2248,,True,personal injury; other,True,True,True,False,True,True,,1,C,personal injury,"Denver, CO",google_places,ChIJoYiRZyCIbIcRakvv7KNLosQ,2026-06-10,ok
Flanagan Law - Personal Injury and Car Accident Attorney,flanagan.law,https://www.flanagan.law/?utm_source=gbp&utm_campaign=Commerce+City,(720) 764-9695,"13575 E 104th Ave #100, Commerce City, CO 80022",Colorado,5,80,1,True,personal injury,True,False,True,False,True,False,headcount_out_of_range(1),0,,personal injury,"Denver, CO",google_places,ChIJ_-BEgH5vbIcRe4PqUq1XysU,2026-06-10,ok
Conduit Law | Accident Attorneys,conduit.law,https://www.conduit.law/denver-car-accident-lawyer,(720) 432-7032,"1576 Sherman St Ste 120, Denver, CO 80203",CO,5,133,2,True,personal injury,True,True,True,False,True,True,,1,C,personal injury,"Denver, CO",google_places,ChIJoVYGS7N5bIcR9GhHxpWKW8o,2026-06-10,ok
McCormick Law Firm,theinjuryattorney.law,https://www.theinjuryattorney.law/office_locations/denver-colorado-personal-injury-lawyer/,(720) 674-1898,"501 S Cherry St 11th floor, Denver, CO 80246",Colorado,4.8,129,2,True,personal injury,True,True,True,False,True,True,,1,C,personal injury,"Denver, CO",google_places,ChIJ6yQzrkh9bIcR9G3lGwH7kAo,2026-06-10,ok
"Smith & Weidinger, P.L.L.C.",caraccidentlawyerindenver.com,https://caraccidentlawyerindenver.com/,(720) 996-2600,"1040 S Gaylord St #32, Denver, CO 80209",Colorado,4.9,128,3,True,personal injury,True,False,False,False,True,True,,3,B,personal injury,"Denver, CO",google_places,ChIJJWQzjmp_bIcRvVomi_9dXx4,2026-06-10,ok
The Frickey Law Firm,frickey.com,https://www.frickey.com/,(720) 790-8289,"940 Wadsworth Blvd #400, Lakewood, CO 80214",Colorado,4.9,351,6,True,personal injury; employment; other,True,True,True,True,True,True,,3,B,personal injury,"Denver, CO",google_places,ChIJ36sNb9aGa4cRSvgjcLP12no,2026-06-10,ok
"Anderson Hemmat, LLC",andersonhemmat.com,https://andersonhemmat.com/,(303) 782-9999,"5613 DTC Pkwy #700, Greenwood Village, CO 80111",Colorado,4.8,248,3,True,personal injury,True,True,True,False,True,True,,1,C,personal injury,"Denver, CO",google_places,ChIJhzokdvaGbIcRa5D3faXXeDo,2026-06-10,ok
Front Range Injury Attorneys - Denver Personal Injury Lawyers,frontrangefirm.com,https://frontrangefirm.com/,(720) 826-4399,"2590 Welton St Ste 200, Denver, CO 80205",Colorado,5,16,,True,personal injury,True,True,True,False,True,True,,1,C,personal injury,"Denver, CO",google_places,ChIJ9QQdpju5dk0ROvSDlw2f2sw,2026-06-10,ok
Amy G Injury Firm,amyglaw.com,https://amyglaw.com/aurora-injury/?utm_source=GBP&utm_medium=GBP&utm_campaign=GBP_Aurora&utm_id=GBP_Aurora,(720) 706-1562,"14111 E Alameda Ave Ste 303, Aurora, CO 80012",Colorado,4.9,299,7,True,personal injury,True,True,True,False,False,True,,1,C,personal injury,"Denver, CO",google_places,ChIJOUAuoN1ibIcRdczbR6O1alI,2026-06-10,ok
Zara Injury Law,zarainjurylaw.com,http://zarainjurylaw.com/,(866) 823-8288,"4700 S Syracuse St Suite #860 A, Denver, CO 80237",,4.7,124,,False,personal injury,True,False,False,False,False,True,,3,B,personal injury,"Denver, CO",google_places,ChIJI736IMqHbIcRqptc4GXWajc,2026-06-10,ok
"Kidneigh & Kaufman, P.C.",kandkpc.com,http://www.kandkpc.com/,(303) 393-6666,"730 17th St #635, Denver, CO 80202",Colorado,4.9,115,2,True,personal injury,True,False,True,True,True,True,,4,A,personal injury,"Denver, CO",google_places,ChIJ3a_AydB4bIcR4eNhaQ8uFsQ,2026-06-10,ok
Jordan Law Accident & Injury Lawyers,jordanlaw.com,https://jordanlaw.com/?utm_source=google&utm_medium=organic&utm_campaign=gbp-listing-greenwood-village,(303) 327-9932,"5445 DTC Pkwy #1000, Greenwood Village, CO 80111",Colorado,4.8,116,,True,personal injury,True,True,True,True,True,True,,3,B,personal injury,"Denver, CO",google_places,ChIJdWi9lnOHbIcR6-gPEy3d_uk,2026-06-10,ok
Nares Law Group Truck Wreck & Brain Injury Lawyers,nareslawgroup.com,https://www.nareslawgroup.com/?utm_source=google&utm_medium=local&utm_campaign=gmb-denver,(720) 637-7786,"501 S Cherry St Ste 1100, Denver, CO 80246",Colorado,4.9,120,1,True,personal injury,True,True,True,False,True,False,headcount_out_of_range(1),0,,personal injury,"Denver, CO",google_places,ChIJz_PG5CR7bIcRRzUFdKBVdNw,2026-06-10,ok
Balaban Law,thedenverfirm.com,http://www.thedenverfirm.com/,(303) 377-3474,"8055 E Tufts Ave #325, Denver, CO 80237",CO,4.9,293,3,True,personal injury,True,True,True,False,True,True,,1,C,personal injury,"Denver, CO",google_places,ChIJeTdiond-bIcRg5Y-_bivkpU,2026-06-10,ok
The O'Sullivan Law Firm,osullivan-law-firm.com,https://osullivan-law-firm.com/,(303) 388-5304,"600 N Ogden St, Denver, CO 80218",CO,4.9,118,3,True,personal injury,True,True,True,True,True,True,,3,B,personal injury,"Denver, CO",google_places,ChIJQ2IBNJt-bIcRwna45d0ycDY,2026-06-10,ok
"Bachus & Schanker, Personal Injury Lawyers | Englewood Office",coloradolaw.net,https://www.coloradolaw.net/englewood/?utm_campaign=local-listings&utm_term=englewood,(303) 222-2222,"500 W Hampden Ave Ste 100, Englewood, CO 80110",CO,4.9,205,,True,personal injury,True,True,True,False,True,True,,1,C,personal injury,"Denver, CO",google_places,ChIJDx7X736BbIcRnJohGLizlCQ,2026-06-10,ok
Olson Personal Injury Lawyers,olsonlawfirm.com,https://olsonlawfirm.com/golden/?utm_source=google&utm_medium=gbp&utm_campaign=golden,(720) 410-6188,"1536 Cole Blvd Ste 170, Golden, CO 80401",Colorado,4.9,130,4,True,personal injury,True,True,True,True,True,True,,3,B,personal injury,"Denver, CO",google_places,ChIJuRZvZEqFa4cRfq2vgbVhHx4,2026-06-10,ok
Eddington Law Firm,eddington.law,https://eddington.law/denver-personal-injury-lawyer/,(720) 776-9967,"1391 N Speer Blvd #350, Denver, CO 80204",Colorado,4.9,94,5,True,personal injury,True,False,True,False,True,True,,2,B,personal injury,"Denver, CO",google_places,ChIJB1VVVdZ-bIcRK0bMfFVk-kA,2026-06-10,ok
Flaxman Law Group,flaxmanlaw.com,https://flaxmanlaw.com/denver-co/?utm_source=gbp&utm_medium=organic&utm_campaign=denver,(970) 489-4864,"1700 Lincoln St 17th floor 16-121, Denver, CO 80203",CO,4.9,78,2,True,personal injury,True,True,True,False,True,True,,1,C,personal injury,"Denver, CO",google_places,ChIJqys_iw5_bIcRaQ7IicmFLV4,2026-06-10,ok
Denver Personal Injury Lawyers® | Centennial Office,denverlaw.com,https://www.denverlaw.com/centennial-personal-injury-lawyer/,(720) 500-4878,"9200 E Mineral Ave #100, Centennial, CO 80112",Colorado,5,18,2,True,personal injury,True,False,True,False,True,True,,2,B,personal injury,"Denver, CO",google_places,ChIJu_aSB6OFbIcRGrj-IBVJURY,2026-06-10,ok
The Gold Law Firm,thegoldlawfirm.net,https://www.thegoldlawfirm.net/?utm_source=GMB&utm_medium=Gold+Law+Firm&utm_campaign=gmb,(303) 694-4653,"7375 E Orchard Rd #300, Greenwood Village, CO 80111",CO,4.8,94,4,True,personal injury,True,True,False,False,True,True,,2,B,personal injury,"Denver, CO",google_places,ChIJIxadW_KGbIcRzu5v1dYr7lk,2026-06-10,ok
Stuckey Injury Law LLC,stuckeyinjurylaw.com,https://www.stuckeyinjurylaw.com/?utm_source=Google_My_Business&utm_medium=Organic&utm_campaign=GBP,(303) 458-5000,"3200 Cherry Creek S Dr #520, Denver, CO 80209",Colorado,4.7,46,2,True,personal injury,True,True,True,False,True,True,,1,C,personal injury,"Denver, CO",google_places,ChIJiQopBMB4bIcRKF5GTlCf5Tc,2026-06-10,ok
McQuaid Injury Law,mcquaidinjurylaw.com,https://www.mcquaidinjurylaw.com/denver/?utm_campaign=gmb,(720) 790-4178,"600 17th Street, South Suite 2883, Denver, CO 80202",CO,5,195,,True,personal injury,True,True,True,True,True,True,,3,B,personal injury,"Denver, CO",google_places,ChIJA3Xd8CSMLI4RLrPblTYfWkU,2026-06-10,ok
"Frank Azar Car & Truck Accident Lawyers - Lakewood, Colorado",fdazar.com,https://www.fdazar.com/lakewood-car-accident-attorney/?utm_source=google&utm_medium=organic&utm_campaign=gbplakewood,(720) 782-0993,"12567 W Cedar Dr #120, Lakewood, CO 80228",Colorado,4.9,313,,True,personal injury; other,True,False,True,False,True,True,,2,B,personal injury,"Denver, CO",google_places,ChIJHQyj0tGDa4cRwPalIbEryiA,2026-06-10,ok
"Jack Bernstein, Injury Attorneys",bernsteininjurylaw.com,https://bernsteininjurylaw.com/?utm_campaign=local-listings&utm_term=w-cypress,(813) 333-6666,"4350 W Cypress St Suite 725, Tampa, FL 33607",FL,4.9,1620,1,True,personal injury,True,True,True,False,True,False,headcount_out_of_range(1),0,,personal injury,"Tampa, FL",google_places,ChIJAR39pQHDwogRJ-ix4Vs8n7E,2026-06-10,ok
MattLaw Car Accident and Personal Injury Lawyers,mattlaw.com,https://mattlaw.com/?utm_source=google&utm_medium=organic&utm_campaign=main,(813) 565-2864,"304 S Plant Ave, Tampa, FL 33606",FL,5,1274,4,True,personal injury,True,False,True,False,True,True,,2,B,personal injury,"Tampa, FL",google_places,ChIJ-zTH2Y_EwogROsgokQ03VKw,2026-06-10,ok
Abrahamson & Uiterwyk Car Accident and Personal Injury Lawyers,theinjurylawyers.com,https://www.theinjurylawyers.com/?utm_medium=organic&utm_source=gmb&utm_campaign=website&utm_term=tampa-westplatt,(813) 212-6906,"900 W Platt St Ste 100, Tampa, FL 33606",Florida,4.9,661,3,True,personal injury,True,True,True,True,True,True,,3,B,personal injury,"Tampa, FL",google_places,ChIJ9RJ3tITEwogR_tvc32ubKos,2026-06-10,ok
"Martin J. Hernandez, P.A.",injurylawyersoftampa.com,https://injurylawyersoftampa.com/,(813) 755-9500,"3002 W Kennedy Blvd, Tampa, FL 33609",Florida,4.9,826,1,True,personal injury; family law,True,False,True,True,True,False,headcount_out_of_range(1),0,,personal injury,"Tampa, FL",google_places,ChIJ5S8C0pLEwogRaUkJ1lPdZdE,2026-06-10,ok
Dan Newlin Injury Attorneys,newlinlaw.com,https://www.newlinlaw.com/,(813) 888-8000,"1408 N Westshore Blvd Suite 310, Tampa, FL 33607",,5,1385,,False,personal injury,True,False,True,False,True,True,,2,B,personal injury,"Tampa, FL",google_places,ChIJkanyvojDwogRH4dFaGHOm4A,2026-06-10,ok
The Law Offices of Ryan Cappy,cappylaw.com,http://www.cappylaw.com/,(813) 512-6011,"400 N Ashley Dr #2100, Tampa, FL 33602",FL,5,281,3,True,personal injury,True,True,True,True,True,True,,3,B,personal injury,"Tampa, FL",google_places,ChIJCUoOOInEwogR461c3iY_Ow0,2026-06-10,ok
Catania & Catania Injury Lawyers,cataniaandcatania.com,https://www.cataniaandcatania.com/?utm_campaign=gmb&utm_medium=organic&utm_source=google,(813) 896-4480,"Bank of America Plaza, 101 E Kennedy Blvd Suite 2400, Tampa, FL 33602",Florida,4.7,1134,6,True,personal injury,True,True,True,False,True,True,,1,C,personal injury,"Tampa, FL",google_places,ChIJ39Uq_ovEwogR5E2KUxBoGio,2026-06-10,ok
Tampa Personal Injury Lawyers,tampalaw.com,https://www.tampalaw.com/,(813) 639-8111,"400 N Ashley Dr, Tampa, FL 33602",Florida,5,48,3,True,personal injury,True,True,True,False,True,True,,1,C,personal injury,"Tampa, FL",google_places,ChIJG-5JaLTFwogRZeCj9o38f4g,2026-06-10,ok
Dennis Hernandez Injury Attorneys,dennishernandez.com,https://www.dennishernandez.com/tampa/,(855) 529-3366,"3339 W Kennedy Blvd, Tampa, FL 33609",Florida,4.8,648,,True,personal injury,True,True,True,True,True,True,,3,B,personal injury,"Tampa, FL",google_places,ChIJ-yCxDg3DwogREGmPaQDCgVU,2026-06-10,ok
"Boohoff Law, P.A. - Auto Accident Lawyers",boohofflaw.com,http://boohofflaw.com/tampa-personal-injury-lawyer/?utm_source=GMB&utm_medium=organic&utm_campaign=Tampa,(813) 733-6179,"829 W Dr Martin Luther King Jr Blvd, Tampa, FL 33603",FL,5,610,12,True,personal injury,True,True,True,True,True,True,,3,B,personal injury,"Tampa, FL",google_places,ChIJZ_WgpFbCwogRjCH2yQTMtMQ,2026-06-10,ok
Farah & Farah | Tampa Personal Injury & Car Accident Lawyers,farahandfarah.com,https://farahandfarah.com/tampa/?utm_source=google&utm_medium=organic&utm_campaign=gbp-tampa,(813) 358-0490,"5100 W Kennedy Blvd #250, Tampa, FL 33609",FL,4.9,770,,False,personal injury,True,False,False,False,False,True,,3,B,personal injury,"Tampa, FL",google_places,ChIJoWjP_j3IwogRabDXzhUfrlI,2026-06-10,ok
Armando Personal Injury Law,armandoinjurylaw.com,https://www.armandoinjurylaw.com/tampa/,(813) 640-2567,"2002 E 5th Ave UNIT 103, Tampa, FL 33605",FL,4.9,221,1,True,personal injury,True,True,True,False,True,False,headcount_out_of_range(1),0,,personal injury,"Tampa, FL",google_places,ChIJWYjh-prEwogRaEa_BPmSouY,2026-06-10,ok
Matthews Injury Law,matthewspersonalinjurylaw.com,https://matthewspersonalinjurylaw.com/,(813) 530-1000,"1228 E 7th Ave Ste S-200, Tampa, FL 33605",Florida,5,85,4,True,personal injury,True,False,True,True,True,True,,4,A,personal injury,"Tampa, FL",google_places,ChIJe_7cCIvEwogR-AQMdv47sus,2026-06-10,ok
RHINO Lawyers,rhinolawyers.com,https://www.rhinolawyers.com/practice-areas/florida-car-accident-lawyers/?utm_source=gmb&utm_medium=link&utm_campaign=tampa,(813) 251-8200,"101 N 12th St UNIT 102, Tampa, FL 33602",Florida,4.7,1115,,True,personal injury; criminal defense,True,True,True,False,True,True,,1,C,personal injury,"Tampa, FL",google_places,ChIJuapEriLFwogR6-KWpK7tSNM,2026-06-10,ok
"Mickey Keenan, P.A. - Tampa Personal Injury Attorneys",mickeykeenan.com,https://mickeykeenan.com/tampa-personal-injury-lawyer/?utm_campaign=gmb&utm_medium=organic&utm_source=gbptampa,(813) 856-2151,"324 N Dale Mabry Hwy #101, Tampa, FL 33609",FL,5,515,5,True,personal injury,True,True,True,False,True,True,,1,C,personal injury,"Tampa, FL",google_places,ChIJYy0-_BDDwogRgBwjUuJUrsc,2026-06-10,ok
Darrigo & Diaz Attorneys at Law,ddlawtampa.com,https://www.ddlawtampa.com/?utm_source=google&utm_medium=GBP&utm_campaign=TampaGBP&utm_content=website,(813) 774-3341,"4504 N Armenia Ave, Tampa, FL 33603",FL,4.9,498,20,True,personal injury,True,True,True,False,True,True,,1,C,personal injury,"Tampa, FL",google_places,ChIJPxuE8vHDwogRo_Az_n4VlAQ,2026-06-10,ok
Fran Haasch Law Group Accident & Injury Lawyers - Tampa,lawfran.com,https://www.lawfran.com/tampa-personal-injury-lawyers/?utm_source=google&utm_medium=organic&utm_campaign=gbp,(813) 328-8308,"333 S Plant Ave 1st Floor, Tampa, FL 33606",FL,5,302,5,True,personal injury,True,False,True,True,True,True,,4,A,personal injury,"Tampa, FL",google_places,ChIJ15frsfnpwogRseMdpFLl-Kg,2026-06-10,ok
D2 Injury Law - Tampa Car Accident and Personal Injury Attorneys,d2law.com,https://d2law.com/?utm_source=gbp&utm_campaign=Tampa,(813) 797-4604,"2504 W Crest Ave, Tampa, FL 33614",Florida,4.9,223,2,True,personal injury,True,False,True,False,True,True,,2,B,personal injury,"Tampa, FL",google_places,ChIJu8nmfITEwogRDVR7h2Uk5xs,2026-06-10,ok
Vanguard Attorneys,vanguardinjuryattorneys.com,https://www.vanguardinjuryattorneys.com/tampa-personal-injury-lawyer/,(813) 471-4444,"1220 E 5th Ave, Tampa, FL 33605",,4.9,79,,False,personal injury; other,True,False,False,False,False,True,,3,B,personal injury,"Tampa, FL",google_places,ChIJs6K7x1vEwogRqVqrDi7hKxg,2026-06-10,ok
Fiol & Morros Personal Injury & Accident Lawyers Tampa,fiolinjurylaw.com,https://www.fiolinjurylaw.com/?utm_source=google&utm_medium=gmb&utm_campaign=tampa,(813) 212-4183,"1515 N Marion St, Tampa, FL 33602",Florida,4.8,217,2,True,personal injury,True,True,True,False,True,True,,1,C,personal injury,"Tampa, FL",google_places,ChIJfWALU2HEwogRQAgAXPXUhgU,2026-06-10,ok
Brooks Law Group - Tampa Personal Injury Lawyer,brookslawgroup.com,https://brookslawgroup.com/tampa/personal-injury-lawyer/?utm_source=google&utm_medium=organic&utm_campaign=gbp-listing-tampa,(813) 680-4620,"3812 Gunn Hwy, Tampa, FL 33618",FL,4.9,199,7,True,personal injury,True,True,True,False,True,True,,1,C,personal injury,"Tampa, FL",google_places,ChIJbXkExlPEwogRpy6_iMr1c8k,2026-06-10,ok
Franchi Law,franchilaw.com,https://franchilaw.com/?utm_source=gmb&utm_medium=organic&utm_campaign=gmb-listing&utm_id=google,(813) 800-4529,"4100 W Kennedy Blvd #300, Tampa, FL 33609",FL,4.9,257,1,True,personal injury,True,True,True,False,True,False,headcount_out_of_range(1),0,,personal injury,"Tampa, FL",google_places,ChIJD9J4qlvEwogRbbUGpOA-qQM,2026-06-10,ok
"Steinger, Greene & Feiner",injurylawyers.com,https://www.injurylawyers.com/tampa/?y_source=1_MTQ3MDc4MzQtNzE1LWxvY2F0aW9uLndlYnNpdGU%3D,(813) 553-5352,"5440 Mariner St Unit 211, Tampa, FL 33609",Florida,4.9,1003,3,True,personal injury,True,True,True,False,True,True,,1,C,personal injury,"Tampa, FL",google_places,ChIJY_n0Os7OwogRSkaKN7_cM9I,2026-06-10,ok
Carter Injury Law,carterinjurylaw.com,https://www.carterinjurylaw.com/,(813) 706-5778,"3114 N Blvd, Tampa, FL 33603",Florida,5,261,2,True,personal injury,True,True,False,False,True,True,,2,B,personal injury,"Tampa, FL",google_places,ChIJLeGLILHDwogRZBjUqmd0zkw,2026-06-10,ok
Hancock Injury Attorneys,lawhancock.com,https://www.lawhancock.com/,(813) 915-1110,"1317 W Fletcher Ave, Tampa, FL 33612",Florida,4.9,274,3,True,personal injury,True,True,True,False,True,True,,1,C,personal injury,"Tampa, FL",google_places,ChIJSUVe1yTBwogRrQ0PMp_IkaE,2026-06-10,ok
Winters & Yonker Car Accident and Personal Injury Lawyers,wintersandyonker.com,https://wintersandyonker.com/,(813) 773-3133,"601 W Swann Ave, Tampa, FL 33606",FL,4.5,417,9,True,personal injury,True,True,True,False,True,True,,1,C,personal injury,"Tampa, FL",google_places,ChIJITCbT5rEwogR02JOS5FKq6c,2026-06-10,ok
"The Florida Law Group, Tampa Car Accident and Personal Injury Attorneys",thefloridalawgroup.com,https://www.thefloridalawgroup.com/tampa/,(833) 856-0062,"407 N Howard Ave, Tampa, FL 33606",Florida,4.8,133,30,True,personal injury,True,True,True,False,True,True,,1,C,personal injury,"Tampa, FL",google_places,ChIJt86Cz5DHwogRA5ILxcRY7TE,2026-06-10,ok
Jeff Murphy Law,jeffmurphylaw.com,https://www.jeffmurphylaw.com/?utm_source=google&utm_medium=organic&utm_campaign=gbp_listing,(813) 443-5553,"Floor Bank of America Plaza, 101 E Kennedy Blvd #39th, Tampa, FL 33602",FL,5,180,1,True,personal injury,True,False,True,False,True,False,headcount_out_of_range(1),0,,personal injury,"Tampa, FL",google_places,ChIJpfQfAZvEwogR-LQ3jlameTQ,2026-06-10,ok
Anderson & Anderson | 2TimsLaw,tgalaw.com,https://www.tgalaw.com/,(813) 251-0072,"213 S Brevard Ave, Tampa, FL 33606",FL,4.9,145,3,True,personal injury,True,True,True,False,True,True,,1,C,personal injury,"Tampa, FL",google_places,ChIJSTUyJoXEwogRurDKkus5wgg,2026-06-10,ok
"Dolman Law Group Accident Injury Lawyers, PA - Tampa",dolmanlaw.com,https://www.dolmanlaw.com/personal-injury-lawyer/florida/tampa/?utm_source=google&utm_medium=organic&utm_campaign=gmb-listing-central-tampa,(813) 212-8509,"3715 W Horatio St Suite G, Tampa, FL 33609",FL,5,97,,True,personal injury,True,True,True,True,True,True,,3,B,personal injury,"Tampa, FL",google_places,ChIJp0P7I2bDwogRCV9XslWJqZ8,2026-06-10,ok
Rubenstein Law Personal Injury Lawyers,rubensteinlaw.com,https://www.rubensteinlaw.com/?y_source=1_MzI2NTI5ODItNzE1LWxvY2F0aW9uLndlYnNpdGU%3D,(813) 957-9418,"401 E Jackson St #1410, Tampa, FL 33602",Florida,4.6,342,70,True,personal injury,True,False,True,False,True,False,headcount_out_of_range(70),0,,personal injury,"Tampa, FL",google_places,ChIJi84beYvEwogRO8Hh70PxbT0,2026-06-10,ok
Rinaldo Law Group,tampainjuryaccidentlaw.com,https://www.tampainjuryaccidentlaw.com/,(813) 831-9999,"3800 W Bay to Bay Blvd Ste 11, Tampa, FL 33629",Florida,4.9,99,,True,personal injury,True,True,True,False,True,True,,1,C,personal injury,"Tampa, FL",google_places,ChIJ7QCmDTDDwogRzapuRDf3_K0,2026-06-10,ok
Culpepper Kurland,ckfirm.com,https://www.ckfirm.com/?npcmp=dir:local:4031296:33602,(813) 228-8600,"101 E Kennedy Blvd #2300, Tampa, FL 33602",Florida,4.8,377,3,True,personal injury,True,False,True,True,True,True,,4,A,personal injury,"Tampa, FL",google_places,ChIJ39Uq_ovEwogR57_uoEcs6XI,2026-06-10,ok
The Reyes Firm,thereyesfirm.com,http://www.thereyesfirm.com/?utm_campaign=gmb,(833) 422-3329,"4730 N Habana Ave #201, Tampa, FL 33614",FL,4.9,262,2,True,personal injury,True,False,True,True,False,True,,4,A,personal injury,"Tampa, FL",google_places,ChIJyUmH52zEwogRurtRWVMlE_E,2026-06-10,ok
Jurewitz Law Group Injury & Accident Lawyers,jurewitz.com,https://www.jurewitz.com/tampa/?utm_source=GMB&utm_medium=organic&utm_campaign=tampa,(813) 946-6538,"730 S Sterling Ave #305, Tampa, FL 33609",Florida,5,200,5,True,personal injury,True,True,True,False,True,True,,1,C,personal injury,"Tampa, FL",google_places,ChIJTzoNN6TDwogR1Ei3E0kAxCc,2026-06-10,ok
"Ligori & Ligori, Attorneys at Law: Keith Ligori",callmeonmycell.com,https://www.callmeonmycell.com/?utm_source=Google&utm_medium=GMB,(813) 547-5142,"1711 W Kennedy Blvd, Tampa, FL 33606",Florida,4.8,300,7,True,personal injury,True,True,True,True,True,True,,3,B,personal injury,"Tampa, FL",google_places,ChIJvxrfx3vDwogRIo3fQP6OWhI,2026-06-10,ok
Roman Austin Car Accident and Personal Injury Lawyers,romanaustin.com,https://romanaustin.com/tampa/?utm_source=google&utm_medium=organic&utm_campaign=GBP-Tampa,(813) 587-9101,"401 E Jackson St Suite 3319, Tampa, FL 33602",FL,5,151,,True,personal injury,True,True,True,True,True,True,,3,B,personal injury,"Tampa, FL",google_places,ChIJm3LW3UfpwogRIRymXGznqyg,2026-06-10,ok
The Law Place,thelawplace.com,https://www.thelawplace.com/tampa-personal-injury-lawyer/?utm_source=google&utm_medium=organic&utm_campaign=gmb-listing-tampa,(813) 544-3291,"3426 W Kennedy Blvd, Tampa, FL 33609",FL,4.9,148,8,True,personal injury; criminal defense,True,True,True,False,True,True,,1,C,personal injury,"Tampa, FL",google_places,ChIJY-57qbPDwogRYmLEi4RtMUA,2026-06-10,ok
Carlson Meissner Hayslett P. A. | Tampa DUI & Criminal Defense Attorneys,carlsonmeissner.com,https://carlsonmeissner.com/tampa/?utm_source=GMB&utm_medium=Website&utm_campaign=mapstakeover,(813) 473-6132,"601 N Ashley Dr #1100-1007, Tampa, FL 33602",Florida,4.9,269,15,True,personal injury; criminal defense,True,True,True,True,True,True,,3,B,personal injury,"Tampa, FL",google_places,ChIJjUr9kGXFwogRVR7ZYm_AP4U,2026-06-10,ok
Monge & Associates Injury and Accident Attorneys,becauseyouwanttowin.com,https://www.becauseyouwanttowin.com/tampa-fl-personal-injury-lawyer/,(813) 945-6188,"2701 W Busch Blvd, Tampa, FL 33618",Florida,4.9,243,,True,personal injury,True,False,True,False,True,True,,2,B,personal injury,"Tampa, FL",google_places,ChIJ7T0esEXBwogRo7dzUQRu9Vg,2026-06-10,ok
Diaco Law,diacolaw.com,https://www.diacolaw.com/?utm_source=gmb&utm_medium=organic&utm_campaign=gmb-listing,(813) 212-8188,"605 S Boulevard, Tampa, FL 33606",Florida,4.9,116,4,True,personal injury,True,False,True,True,True,True,,4,A,personal injury,"Tampa, FL",google_places,ChIJ4W4SjvfCwogRkFuPWe7zjG8,2026-06-10,ok
"Rodriguez & Williamson, PLLC",rodriguezwilliamson.com,https://www.rodriguezwilliamson.com/,(813) 320-7500,"1600 E 8th Ave A200, Tampa, FL 33605",,5,152,,True,personal injury; criminal defense,True,False,True,False,True,True,,2,B,personal injury,"Tampa, FL",google_places,ChIJYalPB5XFwogRQ4HvO29nrPQ,2026-06-10,ok
"McCulloch Law, P.A.",mcfloridalaw.com,http://www.mcfloridalaw.com/,(813) 444-2817,"238 E Davis Blvd Ste. 202, Tampa, FL 33606",FL,5,330,1,True,personal injury; criminal defense,True,False,False,False,True,False,headcount_out_of_range(1),0,,personal injury,"Tampa, FL",google_places,ChIJIWrcVNfFwogRAwH_Ikj_o3w,2026-06-10,ok
"L Pincus Law, PLLC",lpincuslaw.com,https://lpincuslaw.com/,(813) 333-1343,"12962 N Dale Mabry Hwy, Tampa, FL 33618",FL,5,223,,False,personal injury; criminal defense,True,True,True,False,True,True,,1,C,personal injury,"Tampa, FL",google_places,ChIJ08XQ2njrwogRdSGGcaQh8D8,2026-06-10,ok
Lorenzo & Lorenzo,lorenzoandlorenzo.com,https://www.lorenzoandlorenzo.com/?utm_source=gmb&utm_medium=website,(813) 998-9529,"4701 N Armenia Ave, Tampa, FL 33603",Florida,4.7,329,5,True,personal injury; family law; criminal defense; immigration,True,False,True,False,True,True,,2,B,personal injury,"Tampa, FL",google_places,ChIJuSoas_HDwogRYlqmX1JwZK8,2026-06-10,ok
The Black Law Company,theblacklawcompany.com,http://theblacklawcompany.com/,(813) 321-7380,"3630 W Kennedy Blvd, Tampa, FL 33609",FL,5,125,5,True,personal injury,True,False,True,False,True,True,,2,B,personal injury,"Tampa, FL",google_places,ChIJZ6SvcvX2eCURKzBpKIDANzY,2026-06-10,ok
Rebein Law,rebeinlaw.com,https://www.rebeinlaw.com/,(813) 305-7285,"1901 W Cass St, Tampa, FL 33606",Florida,5,205,2,True,personal injury,True,False,True,True,True,True,,4,A,personal injury,"Tampa, FL",google_places,ChIJyxSf8wnDwogRtQCTEmIexqE,2026-06-10,ok
"Accidents Pro Law, P.A.",accidentsprolaw.com,https://www.accidentsprolaw.com/,(813) 343-4044,"13302 Winding Oak Court B, Tampa, FL 33612",Florida,5,192,,False,personal injury; other,True,True,False,False,True,True,,2,B,personal injury,"Tampa, FL",google_places,ChIJa4_TnlTHwogRef0ngy_dggY,2026-06-10,ok
"Gibbs & Parnell, P.A.",car-accident-attorney-tampa.com,https://www.car-accident-attorney-tampa.com/,(813) 975-4444,"722 E Fletcher Ave, Tampa, FL 33612",Florida,4.7,231,,True,personal injury,True,True,True,False,True,True,,1,C,personal injury,"Tampa, FL",google_places,ChIJM4-xBEDHwogRu12Kd_wADU8,2026-06-10,ok
Christopher Ligori & Associates,ligorilaw.com,https://www.ligorilaw.com/,(813) 223-2929,"117 S Willow Ave, Tampa, FL 33606",Florida,4.6,334,5,True,personal injury,True,False,True,False,True,True,,2,B,personal injury,"Tampa, FL",google_places,ChIJaeIT4YLEwogRuM10NaaeZzE,2026-06-10,ok
The Fernandez Firm,fernandezfirm.com,https://www.fernandezfirm.com/,(800) 222-8163,"2503 W Swann Ave Suite 100, Tampa, FL 33609",Florida,4.8,123,2,True,personal injury,True,True,True,False,False,True,,1,C,personal injury,"Tampa, FL",google_places,ChIJ98jp5lPEwogRXt6RyX0poh4,2026-06-10,ok
"Burnetti, P.A.",burnetti.com,https://www.burnetti.com/tampa/?utm_source=GMB&utm_medium=organic&utm_campaign=tampa,(813) 491-1611,"1000 N Ashley Dr #800, Tampa, FL 33602",FL,4.8,358,10,True,personal injury,True,True,True,True,True,True,,3,B,personal injury,"Tampa, FL",google_places,ChIJd3s_2OzEwogRoc-8FV8FOWY,2026-06-10,ok
Berlin Law Firm,berlinlawfirm.com,https://berlinlawfirm.com/locations/tampa-workers-compensation-attorney/?utm_source=gmblisting&utm_medium=organic&utm_campaign=tampa,(813) 303-0306,"1511 N Westshore Blvd Suite 250, Tampa, FL 33607",FL,4.9,229,8,True,employment,True,True,True,False,True,True,,1,C,personal injury,"Tampa, FL",google_places,ChIJOzr730TDwogRfAz64THUwIg,2026-06-10,ok
"Wagner, McLaughlin & Whittemore",wagnerlaw.com,https://www.wagnerlaw.com/?utm_source=google&utm_medium=maps&utm_campaign=tampa&st-t=tampa,(813) 560-0939,"601 Bayshore Blvd #910, Tampa, FL 33606",Florida,4.9,38,6,True,personal injury; other,True,True,True,True,True,True,,3,B,personal injury,"Tampa, FL",google_places,ChIJXYWLMovEwogRwqMmabbhtHI,2026-06-10,ok
Kogan & DiSalvo Personal Injury Lawyers Tampa,kogan-disalvo.com,https://www.kogan-disalvo.com/tampa-injury/?utm_source=GMBlisting&utm_medium=organic&utm_campaign=Tampa,(813) 796-5909,"1725 W Dr Martin Luther King Jr Blvd Ste 106, Tampa, FL 33607",Florida,5,32,15,True,personal injury,True,True,True,False,True,True,,1,C,personal injury,"Tampa, FL",google_places,ChIJQ0p0hu7DwogRJM5m9AQ29qU,2026-06-10,ok
Kemp Law Group,kemplaw.com,https://www.kemplaw.com/,(727) 847-4878,"11567 Trinity Blvd, Trinity, FL 34655",,5,889,,False,other,True,False,False,False,False,False,practice_area_mismatch,0,,personal injury,"Tampa, FL",google_places,ChIJf18U9RyUwogRRuSaCPW7Jdw,2026-06-10,ok
Mincone Personal Injury Lawyers,avidlawyers.com,https://www.avidlawyers.com/?utm_source=google&utm_medium=organic&utm_campaign=gmb-tampa,(813) 800-0810,"1925 E 6th Ave Unit 10, Tampa, FL 33605",FL,5,59,1,True,personal injury,True,True,True,False,True,False,headcount_out_of_range(1),0,,personal injury,"Tampa, FL",google_places,ChIJKw0uaNrFwogRsPl2andX-Cw,2026-06-10,ok
"Mark H. Wright, PLLC - Tampa Injury Lawyer",markwrightlaw.com,https://www.markwrightlaw.com/,(813) 425-2020,"800 W De Leon St, Tampa, FL 33606",FL,4.9,72,2,True,personal injury,True,False,False,False,True,True,,3,B,personal injury,"Tampa, FL",google_places,ChIJG23X6RLDwogRIhOk17sObyM,2026-06-10,ok
Rosensteel Fleishman Car Accident & Injury Lawyers,rflaw.net,https://www.rflaw.net/?utm_source=google&utm_medium=organic&utm_campaign=gmb-charlotte,(704) 714-1450,"132 N McDowell St, Charlotte, NC 28204",NC,5,1159,4,True,personal injury,True,True,True,False,True,True,,1,C,personal injury,"Charlotte, NC",google_places,ChIJC75pNiCgVogRPchsXhelOpc,2026-06-10,ok
"DeMayo Law Offices, LLP",demayolaw.com,https://demayolaw.com/charlotte/personal-injury-lawyer/?utm_source=google&utm_medium=organic&utm_campaign=gbp-listing-charlotte,(704) 508-9266,"1211 E Morehead St, Charlotte, NC 28204",NC,4.8,1687,12,True,personal injury,True,True,True,True,True,True,,3,B,personal injury,"Charlotte, NC",google_places,ChIJWdzjZyqgVogRsEyLpBzipFs,2026-06-10,ok
Law Offices of James Scott Farrin,farrin.com,https://www.farrin.com/#utm_source=GMB&utm_medium=organic&utm_campaign=GMB-Charlotte,(704) 599-1078,"301 S McDowell St Unit 900, Charlotte, NC 28204",North Carolina,4.9,2778,60,True,personal injury; other,True,False,True,True,False,False,headcount_out_of_range(60),0,,personal injury,"Charlotte, NC",google_places,ChIJnesSTSgcVIgRN2KaPMrVHUM,2026-06-10,ok
Price Petho & Associates,priceattorneys.com,https://priceattorneys.com/,(704) 741-7123,"1430 Elizabeth Ave, Charlotte, NC 28204",North Carolina,4.9,634,4,True,personal injury; employment,True,False,True,False,True,True,,2,B,personal injury,"Charlotte, NC",google_places,ChIJc-HSS_SfVogRks1npTRvw3Q,2026-06-10,ok
Taylor | Serbin Injury Lawyers,thelitigator.com,https://thelitigator.com/charlotte-nc/?utm_source=google&utm_medium=organic&utm_campaign=gmb-site&utm_content=charlotte&y_source=1_MTE3NTUxMTMtNzE1LWxvY2F0aW9uLndlYnNpdGU=,(704) 676-1093,"301 S McDowell St Ste 1016, Charlotte, NC 28204",NC,5,366,4,True,personal injury,True,True,True,False,True,True,,1,C,personal injury,"Charlotte, NC",google_places,ChIJRz9tKleeVogRh4AJuJTO0b0,2026-06-10,ok
Auger & Auger Accident and Injury Lawyers,augerlaw.com,https://www.augerlaw.com/charlotte-nc/personal-injury-lawyer/?utm_source=google&utm_medium=organic&utm_campaign=gbp-listing-charlotte,(704) 741-1886,"717 S Torrence St #101, Charlotte, NC 28204",North Carolina,5,509,5,True,personal injury,True,True,True,False,True,True,,1,C,personal injury,"Charlotte, NC",google_places,ChIJ13GuhI2fVogRV5w-6UwVL0s,2026-06-10,ok
Edwards Injury Law,edwardsinjury.com,https://edwardsinjury.com/?utm_campaign=gmb,(980) 478-8152,"226 Baldwin Ave, Charlotte, NC 28204",North Carolina,5,86,2,True,personal injury,True,True,True,False,True,True,,1,C,personal injury,"Charlotte, NC",google_places,ChIJSytME3GfVogRJQ2XPC4uNMw,2026-06-10,ok
Stewart Law Offices - Workers Compensation & Car Accident Lawyers,stewartlawoffices.net,https://www.stewartlawoffices.net/charlotte-personal-injury-lawyer/?utm_source=google&utm_medium=organic&utm_campaign=gbp_charlotte,(704) 521-5000,"2427 Tuckaseegee Rd, Charlotte, NC 28208",,4.9,301,,False,personal injury; other,True,False,False,False,False,True,,3,B,personal injury,"Charlotte, NC",google_places,ChIJVRnpls6eVogRwSHCJGJfTVY,2026-06-10,ok
Panchenko Law Firm,bpcounsel.com,https://bpcounsel.com/?utm_source=google&utm_medium=organic&utm_campaign=gbp,(980) 397-3122,"6428 Bannington Rd Ste A, Charlotte, NC 28226",NC,5,463,2,True,personal injury,True,True,True,False,True,True,,1,C,personal injury,"Charlotte, NC",google_places,ChIJ82xlAAUjVIgRbu5zBut7-_Y,2026-06-10,ok
Schehr Law PLLC,schehrlaw.com,https://www.schehrlaw.com/,(704) 900-0336,"101 N McDowell St #200, Charlotte, NC 28204",North Carolina,4.9,319,3,True,personal injury,True,True,True,False,True,True,,1,C,personal injury,"Charlotte, NC",google_places,ChIJ_3KsIMahVogRWWMT5LloG_k,2026-06-10,ok
"Mehta & McConnell, PLLC",mehtamcconnell.com,https://mehtamcconnell.com/?utm_source=google&utm_medium=organic&utm_campaign=gmb,(980) 399-5638,"2201 South Blvd #410, Charlotte, NC 28203",NC,5,107,2,True,personal injury; other,True,True,True,False,True,True,,1,C,personal injury,"Charlotte, NC",google_places,ChIJo1kt_IWhVogR4-TWrOG-EZI,2026-06-10,ok
Shane Smith Law,shanesmithlaw.com,https://www.shanesmithlaw.com/?utm_source=google&utm_medium=organic&utm_campaign=gbp-listing-charlotte,(980) 982-2329,"9144 Arrowpoint Blvd #200, Charlotte, NC 28273",North Carolina,4.6,971,14,True,personal injury,True,True,True,True,False,True,,3,B,personal injury,"Charlotte, NC",google_places,ChIJ6-8F_36ZVogRi3-enLTSSaI,2026-06-10,ok
A&S Personal Injury Lawyers,injury.arnoldsmithlaw.com,https://injury.arnoldsmithlaw.com/?utm_source=google&utm_medium=local,(855) 370-2828,"216 N McDowell St #206, Charlotte, NC 28204",North Carolina,5,90,3,True,personal injury,True,False,True,True,True,True,,4,A,personal injury,"Charlotte, NC",google_places,ChIJ467oVZKhVogRe5nxG8R8CZo,2026-06-10,ok
George Sink Injury Lawyers,sinklaw.com,https://www.sinklaw.com/charlotte/?utm_source=google&utm_medium=charlotte-nc,(980) 999-9904,"1057 E Morehead St Unit 110, Charlotte, NC 28204",NC,4.9,154,34,True,personal injury,True,True,True,True,True,True,,3,B,personal injury,"Charlotte, NC",google_places,ChIJ2yIDRTGhVogRVshGIYQrO9E,2026-06-10,ok
Law Offices of William H Harding,williamhharding.com,https://www.williamhharding.com/,(704) 504-7854,"9115 Harris Corners Pkwy #220, Charlotte, NC 28269",NC,4.8,723,,True,personal injury,True,False,True,False,False,True,,2,B,personal injury,"Charlotte, NC",google_places,ChIJOwBJi8ohVIgRIwIt0BuN5A0,2026-06-10,ok
"Jetton & Meredith, PLLC",jettonmeredithlaw.com,https://www.jettonmeredithlaw.com/,(704) 931-5535,"817 E Trade St, Charlotte, NC 28202",NC,4.9,1047,10,True,family law; criminal defense; personal injury; other,True,True,True,False,False,True,,1,C,personal injury,"Charlotte, NC",google_places,ChIJEepf0CGgVogReGHv5BUiPco,2026-06-10,ok
Chandler Volta Personal Injury Lawyers,cvinjurylaw.com,https://www.cvinjurylaw.com/charlotte-personal-injury-lawyer/?utm_campaign=gmb&utm_medium=organic&utm_source=google,(704) 481-6880,"1244 East Blvd, Charlotte, NC 28203",NC,4.9,400,5,True,personal injury,True,True,True,False,True,True,,1,C,personal injury,"Charlotte, NC",google_places,ChIJZ5zoWgSfVogR14M3Qb-3l4I,2026-06-10,ok
The Layton Law Firm - 24/7 Personal Injury & Car Accident Lawyers,thelaytonlawfirm.com,https://www.thelaytonlawfirm.com/?utm_source=google&utm_medium=organic&utm_campaign=gmb,(980) 400-6482,"1001 East Blvd First Floor, Charlotte, NC 28203",North Carolina,4.9,106,1,True,personal injury,True,True,True,False,True,False,headcount_out_of_range(1),0,,personal injury,"Charlotte, NC",google_places,ChIJ5w3AecmfVogRf3fpS1Ivto8,2026-06-10,ok
Yale Haymond Law,yalehaymondlaw.com,https://yalehaymondlaw.com/,(704) 800-4357,"7401 Carmel Executive Park Dr Ste 115, Charlotte, NC 28226",North Carolina,5,137,3,True,personal injury,True,True,True,False,True,True,,1,C,personal injury,"Charlotte, NC",google_places,ChIJnydojaefVogRVkcPFAj0_zs,2026-06-10,ok
CR Legal Team,crlegalteam.com,https://www.crlegalteam.com/charlotte-nc/personal-injury-lawyer/?utm_source=google&utm_medium=organic&utm_campaign=gbp-listing-charlotte,(704) 343-6687,"Everett Building, 11525 N Community House Rd #350, Charlotte, NC 28277",North Carolina,4.7,533,15,True,personal injury,True,True,True,True,True,True,,3,B,personal injury,"Charlotte, NC",google_places,ChIJSX78bo-fVogR4oRXUefPQL0,2026-06-10,ok
Speaks Law Firm,speakslaw.com,https://www.speakslaw.com/,(704) 766-8649,"831 E Morehead St #540, Charlotte, NC 28202",NC,4.8,168,10,True,personal injury,True,True,True,False,True,True,,1,C,personal injury,"Charlotte, NC",google_places,ChIJM7v_5nufVogRxt96XNb2ruY,2026-06-10,ok
"The Law Offices of Attorney Timothy J. Pavone, PLLC",charlottelawoffices.com,https://charlottelawoffices.com/,(980) 613-4849,"901 E 4th St Unit B, Charlotte, NC 28204",NC,4.9,1216,4,True,criminal defense; other,True,True,True,False,True,True,,1,C,personal injury,"Charlotte, NC",google_places,ChIJvU7_xBwgVIgRfvvAdxNZ7UY,2026-06-10,ok
Arnold & Smith PLLC,arnoldsmithlaw.com,https://www.arnoldsmithlaw.com/?utm_source=google&utm_medium=local,(704) 370-2828,"The Historic John Price Carr House, 200 N McDowell St, Charlotte, NC 28204",North Carolina,4.9,528,,True,criminal defense; family law; personal injury,True,True,True,True,False,True,,3,B,personal injury,"Charlotte, NC",google_places,ChIJXSopyiGgVogRtnUxu1lpC0g,2026-06-10,ok
Workers' Compensation Lawyers of Charlotte,1charlotte.net,https://1charlotte.net/charlotte/?utm_source=google&utm_medium=organic&utm_campaign=gbp_charlotte,(704) 706-2689,"407 East Blvd Suite 200B, Charlotte, NC 28203",North Carolina,5,20,,True,personal injury; other; other,True,False,True,True,True,True,,4,A,personal injury,"Charlotte, NC",google_places,ChIJpfv8DHifVogRyyr9zk9LezQ,2026-06-10,ok
Anastopoulo Law Firm,akimlawfirm.com,https://www.akimlawfirm.com/,(800) 777-7777,"428 E 4th St #101, Charlotte, NC 28202",South Carolina,4.8,397,,True,personal injury,True,True,True,True,True,True,,3,B,personal injury,"Charlotte, NC",google_places,ChIJM3jCcJyhVogRpCuPuDZKEWc,2026-06-10,ok
Go Big Injury Law,gobiginjurylaw.com,https://gobiginjurylaw.com/,(800) 777-7777,"428 E 4th St Suite 101 - B, Charlotte, NC 28202",GA,5,108,,True,personal injury,True,True,True,True,True,True,,3,B,personal injury,"Charlotte, NC",google_places,ChIJZWEGcoehVogRgio_AYDny5Y,2026-06-10,ok
Shankle Law Firm,shanklelaw.com,https://www.shanklelaw.com/,(704) 370-1212,"6115 Park S Dr Ste 310, Charlotte, NC 28210",,5,473,,False,other,True,False,False,False,False,False,practice_area_mismatch,0,,personal injury,"Charlotte, NC",google_places,ChIJkeRMYVeeVogRq1FA2kGlKU0,2026-06-10,ok
"The Devin Law Firm, P.A.",devinlaw.com,http://www.devinlaw.com/?utm_source=google&utm_medium=local,(704) 566-3434,"2034 Randolph Rd #300, Charlotte, NC 28207",North Carolina,4.9,124,1,True,personal injury,True,False,True,True,True,False,headcount_out_of_range(1),0,,personal injury,"Charlotte, NC",google_places,ChIJ9bvEbPCfVogRpzh_vEDi-qM,2026-06-10,ok
"The Olsinski Law Firm, PLLC",jcolaw.com,https://www.jcolaw.com/,(704) 240-5592,"1355 Greenwood Cliff Ste 300, Charlotte, NC 28204",North Carolina,4.9,243,6,True,personal injury; criminal defense; family law,True,True,True,False,True,True,,1,C,personal injury,"Charlotte, NC",google_places,ChIJXdlOezugVogRUdrKXUCv7oc,2026-06-10,ok
The Sumwalt Group Workers' Compensation and Trial Lawyers,sumwaltgrouplaw.com,http://www.sumwaltgrouplaw.com/,(704) 565-0621,"The Refinery, 1213 W Morehead St Ste 521, Charlotte, NC 28208",North Carolina,5,215,2,True,employment; other,True,False,True,False,True,True,,2,B,personal injury,"Charlotte, NC",google_places,ChIJBbv2wpufVogRPoPBSallitc,2026-06-10,ok
"The Bollinger Law Firm, P.C.",bollingerlawfirmnc.com,https://www.bollingerlawfirmnc.com/?utm_source=gmb&utm_medium=organic&utm_content=listing&utm_campaign=local,(704) 377-7677,"301 S McDowell St #1000, Charlotte, NC 28204",NC,5,91,2,True,employment; personal injury,True,True,True,False,True,True,,1,C,personal injury,"Charlotte, NC",google_places,ChIJZREWXiGgVogRNMPw4UDwYLI,2026-06-10,ok
"Ramsay Law Firm, WC & PI Attorneys",ramsaylawfirm.com,https://www.ramsaylawfirm.com/?utm_source=GMB&utm_medium=organic&utm_campaign=charlotte,(704) 376-1616,"10610 Metromont Pkwy Ste 205, Charlotte, NC 28269",NC,4.9,125,3,True,personal injury; employment; other,True,True,True,False,True,True,,1,C,personal injury,"Charlotte, NC",google_places,ChIJARJui6anVogRLchZnkSNPjk,2026-06-10,ok
Johnson & Groninger PLLC,jglawnc.com,https://www.jglawnc.com/charlotte/personal-injury-lawyers/?utm_source=google&utm_medium=organic&utm_campaign=gmbCharlotte,(704) 318-4452,"1018 East Blvd Ste 6, Charlotte, NC 28203",North Carolina,4.9,38,4,True,personal injury,True,False,True,False,True,True,,2,B,personal injury,"Charlotte, NC",google_places,ChIJx1Cyx3mfVogRSQK3jHXTg5I,2026-06-10,ok
Mogy Law,919law.com,https://919law.com/charlotte/?utm_source=google&utm_medium=organic&utm_campaign=gbp_charlotte,(980) 409-4749,"5200 77 Center Dr #120, Charlotte, NC 28217",North Carolina,4.9,60,2,True,personal injury,True,False,True,False,True,True,,2,B,personal injury,"Charlotte, NC",google_places,ChIJeVYln_ifVogRAP8D8vYbqlU,2026-06-10,ok
McCormick Law Firm,theinjuryattorney.law,https://www.theinjuryattorney.law/office_locations/charlotte-nc-accident-injury-lawyers/,(980) 580-2440,"101 N McDowell St Ste 200A, Charlotte, NC 28204",NC,4.5,349,30,True,personal injury,True,True,True,False,True,True,,1,C,personal injury,"Charlotte, NC",google_places,ChIJHUWobxWhVogRNWY_hgEp6rE,2026-06-10,ok
Campbell & Associates,campbellandassociateslaw.com,https://campbellandassociateslaw.com/,(704) 333-0885,"717 East Blvd, Charlotte, NC 28203",NC,4.4,222,5,True,personal injury,True,False,True,False,True,True,,1,C,personal injury,"Charlotte, NC",google_places,ChIJx6Dw3ZyfVogRxd_R6y1Ecw0,2026-06-10,ok
LawyerPower® - The Law Office of Mark Farbman,lawyerpower.net,https://lawyerpower.net/?utm_source=google&utm_medium=gmb&utm_campaign=charlotte,(704) 397-3813,"7422 Carmel Executive Park Dr Ste 202, Charlotte, NC 28226",North Carolina,4.8,238,2,True,personal injury,True,False,True,False,False,True,,2,B,personal injury,"Charlotte, NC",google_places,ChIJ9xl-AaidVogRI5-wNXILL9k,2026-06-10,ok
Mitchener Law Firm,mitchenerlaw.com,https://www.mitchenerlaw.com/?npcmp=dir:local:5223153:28202,(704) 719-9080,"521 E Morehead St Suite 120, Charlotte, NC 28202",NC,4.6,138,2,True,personal injury,True,False,True,True,True,True,,4,A,personal injury,"Charlotte, NC",google_places,ChIJPbcc_IafVogRRuCfwZENZKc,2026-06-10,ok
"Lanier Law Group, P.A.",lanierlawgroup.com,https://www.lanierlawgroup.com/north-carolina/charlotte/?utm_source=google&utm_medium=organic&utm_campaign=GBP,(704) 286-1452,"5515 Monroe Rd, Charlotte, NC 28212",North Carolina,4.6,77,8,True,personal injury; other,True,True,True,False,True,True,,1,C,personal injury,"Charlotte, NC",google_places,ChIJQwOtjqsdVIgRNLS05Godk5Q,2026-06-10,ok
Dr. Ted Injury Law,drtedinjurylaw.com,https://drtedinjurylaw.com/charlotte/?utm_source=google&utm_medium=organic&utm_campaign=gbp_charlotte,(704) 610-7520,"1201 N Tryon St, Charlotte, NC 28206",North Carolina,4.6,460,8,True,personal injury,True,True,True,True,True,True,,3,B,personal injury,"Charlotte, NC",google_places,ChIJ_YRrXc0hVIgRzLBYNkKmzSU,2026-06-10,ok
Auger & Auger Accident and Injury Lawyers,augerlaw.com,https://www.augerlaw.com/charlotte-nc/personal-injury-lawyer/?utm_source=google&utm_medium=organic&utm_campaign=gbp-listing-charlotte,(704) 387-5023,"10130 Mallard Creek Rd #300, Charlotte, NC 28262",North Carolina,5,132,5,True,personal injury,True,True,True,False,True,True,,1,C,personal injury,"Charlotte, NC",google_places,ChIJQwOtjqsdVIgRhmhz7DEgewc,2026-06-10,ok
"Elrod Pope Law Firm, P.C.",elrodpope.com,https://elrodpope.com/contact-us/charlotte-personal-injury-law-office/?utm_source=google&utm_medium=organic&utm_campaign=gmb-charlotte,(980) 340-8620,"1100 S Mint St #109, Charlotte, NC 28203",NC,5,72,7,True,personal injury,True,False,True,False,True,True,,2,B,personal injury,"Charlotte, NC",google_places,ChIJc_hcqiShVogRxgqBzrMfZpk,2026-06-10,ok
Maginnis Howard Charlotte,carolinalaw.com,https://www.carolinalaw.com/charlotte-personal-injury/?utm_source=google&utm_medium=organic&utm_campaign=GBP_Charlotte,(704) 376-1911,"6842 Carnegie Blvd Ste 100, Charlotte, NC 28211",North Carolina,4.6,42,16,True,personal injury,True,False,True,True,True,True,,4,A,personal injury,"Charlotte, NC",google_places,ChIJ92MqWhaeVogRJozwl_OzI1k,2026-06-10,ok
Wilder Pantazis Law Group,wilderlawgroup.com,https://www.wilderlawgroup.com/?utm_source=gmb&utm_medium=website,(704) 342-2243,"3501 Monroe Rd, Charlotte, NC 28205",North Carolina,4.9,121,7,True,employment; personal injury,True,True,True,False,True,True,,1,C,personal injury,"Charlotte, NC",google_places,ChIJUWQ_thEgVIgRgxRuy0I7Qd4,2026-06-10,ok
"Law Offices of Estwanik & May, PLLC",estwaniklaw.com,http://estwaniklaw.com/,(704) 817-2004,"118 S Colonial Ave #300, Charlotte, NC 28207",NC,4.9,164,,False,personal injury; other,True,False,True,False,True,True,,2,B,personal injury,"Charlotte, NC",google_places,ChIJYe0ATvCfVogRsVenMhmmk80,2026-06-10,ok
