firm_name,domain,website,phone,address,state,google_rating,rating_count,attorney_count,team_page_found,practice_areas,is_law_firm,faq_present,schema_present,google_ads_pixel,book_call_cta,passes_icp,icp_reason,score,priority_tier,query_practice_area,query_city,source,place_id,first_seen,enrich_status,email,email_type,email_source,decision_maker,email_mx,email_smtp,email_status,email_confidence,candidates_tried,phone_present,website_live
Sandoval & James Car Accident & Personal Injury Lawyers Austin,sj-lawfirm.com,https://sj-lawfirm.com/austin-texas-car-accident-lawyer-near-me/?utm_source=google&utm_medium=organic&utm_campaign=gmbwebsite,(512) 382-7707,"4807 Spicewood Springs Rd Bldg. 2, STE 100, Austin, TX 78759",Texas,4.9,2772,,True,personal injury,True,False,True,False,True,True,,2,B,personal injury,"Austin, TX",google_places,ChIJ76oaF4zMRIYRqC5ggUkSQrc,2026-06-10,ok,,,,James Sandoval (Managing Partner),False,,no_email,0,james.sandoval@sj-lawfirm.com; jsandoval@sj-lawfirm.com; james@sj-lawfirm.com; jamessandoval@sj-lawfirm.com; j.sandoval@sj-lawfirm.com,True,True
McMinn Personal Injury Lawyers Austin,mcminnlaw.com,https://www.mcminnlaw.com/?utm_campaign=gmb&utm_medium=organic&utm_source=google,(254) 527-6517,"502 W 14th St, Austin, TX 78701",TX,4.9,331,3,True,personal injury,True,False,True,True,True,True,,4,A,personal injury,"Austin, TX",google_places,ChIJaYjU5nS1RIYRPdBxZi6syvM,2026-06-10,ok,jmcminn@mcminnlaw.com,personal,pattern:common,John McMinn (Founding Partner),True,deliverable,valid,95,john.mcminn@mcminnlaw.com; jmcminn@mcminnlaw.com; john@mcminnlaw.com; johnmcminn@mcminnlaw.com; j.mcminn@mcminnlaw.com,True,True
TK Injury Lawyers: Austin Personal Injury Lawyer,tkinjurylawyers.com,https://www.tkinjurylawyers.com/,(737) 260-7531,"1002 Rio Grande St, Austin, TX 78701",TX,5,222,5,True,personal injury,True,True,True,False,True,True,,1,C,personal injury,"Austin, TX",google_places,ChIJx2fWvwy1RIYRhdrREOhFwdM,2026-06-10,ok,trent@tkinjurylawyers.com,personal,pattern:common,Trent Kelly (Austin Personal Injury Attorney),True,deliverable,valid,95,trent.kelly@tkinjurylawyers.com; tkelly@tkinjurylawyers.com; trent@tkinjurylawyers.com; trentkelly@tkinjurylawyers.com; t.kelly@tkinjurylawyers.com,True,True
FVF Law Firm – Injury & Wrongful Death Lawyers – Austin,fvflawfirm.com,https://www.fvflawfirm.com/?utm_source=GMBlisting&utm_medium=organic,(512) 982-9328,"3101 Bee Caves Rd #301, Austin, TX 78746",TX,4.9,326,,True,personal injury,True,True,True,False,True,True,,1,C,personal injury,"Austin, TX",google_places,ChIJbU3NrZdKW4YR5hwwaLKmAr0,2026-06-10,ok,david@fvflawfirm.com,personal,hunter,David Schupp (Attorney),True,hunter:valid,valid,97,david.schupp@fvflawfirm.com; dschupp@fvflawfirm.com; david@fvflawfirm.com; davidschupp@fvflawfirm.com; d.schupp@fvflawfirm.com,True,True
Anderson Injury Lawyers Austin,maafirm.com,https://maafirm.com/austin-personal-injury-lawyer/?utm_source=google&utm_medium=organic&utm_campaign=gmb-austin,(512) 883-5182,"811 Nueces St, Austin, TX 78701",TX,5,146,12,True,personal injury,True,True,True,True,True,True,,3,B,personal injury,"Austin, TX",google_places,ChIJEQf7mBWfToYRDY2J55WnuJA,2026-06-10,ok,mark@maafirm.com,personal,hunter,Mark A. Anderson (Founding Attorney),True,hunter:valid,valid,95,mark.anderson@maafirm.com; manderson@maafirm.com; mark@maafirm.com; markanderson@maafirm.com; m.anderson@maafirm.com,True,True
Lorenz & Lorenz,lorenzandlorenz.com,https://www.lorenzandlorenz.com/,(512) 477-7333,"1515 S Capital of Texas Hwy #500, Austin, TX 78746",TX,4.6,1351,6,True,personal injury,True,True,True,True,True,True,,3,B,personal injury,"Austin, TX",google_places,ChIJF1DEtpJKW4YREvKHu4t5lIE,2026-06-10,ok,ted@lorenzandlorenz.com,personal,hunter,Ted R. Lorenz (Partner),True,hunter:valid,valid,96,ted.lorenz@lorenzandlorenz.com; tlorenz@lorenzandlorenz.com; ted@lorenzandlorenz.com; tedlorenz@lorenzandlorenz.com; t.lorenz@lorenzandlorenz.com,True,True
DJC Law,teamjustice.com,https://teamjustice.com/?utm_source=google&utm_campaign=gbp-austin-hq,(512) 969-2115,"1012 W Anderson Ln., Austin, TX 78757",Texas,4.8,1592,10,True,personal injury,True,False,True,True,True,True,,4,A,personal injury,"Austin, TX",google_places,ChIJP6rZxuozW4YRO_jS9RcRGlg,2026-06-10,ok,dan@teamjustice.com,personal,hunter,Dan Christensen (Founder and Managing Partner),True,hunter:valid,valid,97,dan.christensen@teamjustice.com; dchristensen@teamjustice.com; dan@teamjustice.com; danchristensen@teamjustice.com; d.christensen@teamjustice.com,True,True
"Herrman & Herrman, P.L.L.C",herrmanandherrman.com,https://www.herrmanandherrman.com/texas-personal-injury-firm/austin/,(737) 209-7277,"1701 Directors Blvd Ste 820, Austin, TX 78744",TX,4.9,852,2,True,personal injury,True,False,True,True,True,True,,4,A,personal injury,"Austin, TX",google_places,ChIJ65a6MLO1RIYRP-mxZNQTMGM,2026-06-10,ok,gherrman@herrmanandherrman.com,personal,pattern:common,Gregory H. Herrman (Managing Partner),True,deliverable,valid,95,gregory.herrman@herrmanandherrman.com; gherrman@herrmanandherrman.com; gregory@herrmanandherrman.com; gregoryherrman@herrmanandherrman.com; g.herrman@herrmanandherrman.com,True,True
"Ramos James Law, PLLC",ramosjames.com,https://www.ramosjames.com/?utm_campaign=gmb&utm_content=listing&utm_medium=organic&utm_source=gmb,(512) 881-8260,"2800 S I-35 Frontage Rd Ste 265, Austin, TX 78704",TX,4.9,228,,True,personal injury,True,False,True,False,True,True,,2,B,personal injury,"Austin, TX",google_places,ChIJAQDAaA61RIYREbq83bNUMps,2026-06-10,ok,laura@ramosjames.com,personal,pattern:common,Laura Ramos James (Attorney),True,deliverable,valid,95,laura.james@ramosjames.com; ljames@ramosjames.com; laura@ramosjames.com; laurajames@ramosjames.com; l.james@ramosjames.com,True,True
The Patel Firm: Austin Car Accident Lawyer,thepatelfirm.com,https://thepatelfirm.com/austin/personal-injury-lawyer/,(512) 887-1447,"611 S Congress Ave #215d, Austin, TX 78704",Texas,4.9,56,6,True,personal injury,True,True,True,True,True,True,,3,B,personal injury,"Austin, TX",google_places,ChIJqW2WJW21RIYR3YI5TyyjEh0,2026-06-10,ok,minesh@thepatelfirm.com,personal,pattern:common,Minesh J. Patel (Founding Attorney),True,deliverable,valid,95,minesh.patel@thepatelfirm.com; mpatel@thepatelfirm.com; minesh@thepatelfirm.com; mineshpatel@thepatelfirm.com; m.patel@thepatelfirm.com,True,True
"Byrd Davis Alden & Henrichson, LLP",byrddavis.com,https://byrddavis.com/?utm_campaign=gmb,(512) 607-9983,"8911 N Capital of Texas Hwy Ste 3150, Austin, TX 78759",TX,5,103,4,True,personal injury,True,False,True,True,False,True,,4,A,personal injury,"Austin, TX",google_places,ChIJn6q5eYDKRIYRWAm6yOAna24,2026-06-10,ok,ralden@byrddavis.com,personal,hunter,Robert Alden (Partner),True,hunter:valid,valid,98,robert.alden@byrddavis.com; ralden@byrddavis.com; robert@byrddavis.com; robertalden@byrddavis.com; r.alden@byrddavis.com,True,True
Zinda Law Group,zdfirm.com,https://www.zdfirm.com/tx/austin-personal-injury-lawyer?utm_source=utm_source&utm_medium=GMB&utm_campaign=Zinda%20Law%20Group&utm_id=Zinda-GMB-Profile,(512) 601-4349,"7801 N Capital of Texas Hwy #300, Austin, TX 78731",TX,4.8,522,8,True,personal injury,True,False,True,True,True,True,,4,A,personal injury,"Austin, TX",google_places,ChIJq0RwLGDLRIYR_qOqnVFv-s8,2026-06-10,ok,jzinda@zdfirm.com,personal,pattern:common,John C. (Jack) Zinda (Founding Attorney),True,deliverable,valid,95,john.zinda@zdfirm.com; jzinda@zdfirm.com; john@zdfirm.com; johnzinda@zdfirm.com; j.zinda@zdfirm.com,True,True
Briggle & Polan – Austin Personal Injury & Car Accident Lawyers,brigglepolan.com,https://www.brigglepolan.com/,(512) 400-3278,"1609 Shoal Creek Blvd Ste 304, Austin, TX 78701",TX,4.8,121,2,True,personal injury,True,False,True,False,True,True,,2,B,personal injury,"Austin, TX",google_places,ChIJL_KViAu1RIYRNQUV69nZH0M,2026-06-10,ok,hayden@brigglepolan.com,personal,hunter,Hayden Briggle (Founder & Attorney),True,hunter:valid,valid,97,hayden.briggle@brigglepolan.com; hbriggle@brigglepolan.com; hayden@brigglepolan.com; haydenbriggle@brigglepolan.com; h.briggle@brigglepolan.com,True,True
"Wayne Wright, LLP",waynewright.com,https://waynewright.com/austin/,(512) 402-3795,"2550 S I-35 Frontage Rd #152, Austin, TX 78704",TX,4.8,390,,True,personal injury,True,True,True,False,True,True,,1,C,personal injury,"Austin, TX",google_places,ChIJ3z4sa6a1RIYR09xyA4zEk4Y,2026-06-10,ok,wwright@waynewright.com,personal,pattern:common,Wayne Wright (Managing Partner),True,deliverable,valid,95,wayne.wright@waynewright.com; wwright@waynewright.com; wayne@waynewright.com; waynewright@waynewright.com; w.wright@waynewright.com,True,True
Slingshot Law - Injury Attorneys,slingshotlaw.com,https://slingshotlaw.com/practice-areas-texas/austin-personal-injury-lawyer/?utm_source=GMB&utm_medium=organic&utm_campaign=Austin,(800) 488-7840,"1802 Lavaca St, Austin, TX 78701",TX,4.9,158,4,True,personal injury,True,True,True,True,True,True,,3,B,personal injury,"Austin, TX",google_places,ChIJjd8eOjrLRIYR44ADTqlMZOw,2026-06-10,ok,slingshot.law@slingshotlaw.com,personal,guess_unconfirmed,Slingshot Law (Founding Partner),True,catch_all,risky_catchall,60,slingshot.law@slingshotlaw.com; slaw@slingshotlaw.com; slingshot@slingshotlaw.com; slingshotlaw@slingshotlaw.com; s.law@slingshotlaw.com,True,True
Batrice Law Firm,batricelawfirm.com,https://batricelawfirm.com/,(512) 580-8247,"8030 N Mopac Expy Ste 300, Austin, TX 78759",TX,4.9,253,7,True,personal injury; criminal defense,True,False,True,False,True,True,,2,B,personal injury,"Austin, TX",google_places,ChIJ22yANYZKW4YRqEBXP3p6mFs,2026-06-10,ok,paul@batricelawfirm.com,personal,hunter,Paul A. Batrice (Founder and Managing Partner),True,hunter:valid,valid,99,paul@batricelawfirm.com; paul.batrice@batricelawfirm.com; pbatrice@batricelawfirm.com; paulbatrice@batricelawfirm.com; p.batrice@batricelawfirm.com,True,True
Shamieh Law - Accident & Injury Lawyers,shamiehlaw.com,https://shamiehlaw.com/austin/?utm_source=google&utm_medium=organic&utm_campaign=gbp-austin,(254) 459-3591,"3800 N Lamar Blvd #200, Austin, TX 78756",,4.9,98,,False,personal injury,True,False,False,False,False,True,,3,B,personal injury,"Austin, TX",google_places,ChIJbyHof83LRIYRuYRKa4m-MZI,2026-06-10,ok,,,,John Smith (Founding Partner),False,,no_email,0,john.smith@shamiehlaw.com; jsmith@shamiehlaw.com; john@shamiehlaw.com; johnsmith@shamiehlaw.com; j.smith@shamiehlaw.com,True,True
Funk & Associates,funklaw.com,https://www.funklaw.com/,(512) 472-3865,"1016 La Posada Dr Ste 285, Austin, TX 78752",TX,4.9,233,,True,personal injury,True,True,True,False,False,True,,1,C,personal injury,"Austin, TX",google_places,ChIJHXPymhrKRIYR2g-VnTnHPgY,2026-06-10,ok,,,,Funk (Principal),False,,no_email,0,funk.@funklaw.com; f@funklaw.com; funk@funklaw.com; f.@funklaw.com,True,True
Daniel Stark Injury Lawyers,danielstark.com,https://www.danielstark.com/austin/,(512) 474-8686,"8627 N Mopac Expy Suite 425, Austin, TX 78759",Texas,4.8,438,,True,personal injury,True,False,True,False,True,True,,2,B,personal injury,"Austin, TX",google_places,ChIJHRqvPnW1RIYROYGI3hyo0fs,2026-06-10,ok,info@danielstark.com,role,published,Daniel Stark (Managing Partner),True,undeliverable,invalid,5,daniel.stark@danielstark.com; dstark@danielstark.com; daniel@danielstark.com; danielstark@danielstark.com; d.stark@danielstark.com,True,True
CPM Injury Lawyers: Austin Personal Injury Lawyer,caglefirm.com,https://www.caglefirm.com/,(512) 371-6101,"9433 Bee Caves Rd Ste 1-140, Austin, TX 78733",TX,4.9,116,,True,personal injury,True,False,False,False,True,True,,3,B,personal injury,"Austin, TX",google_places,ChIJJahbVhpLW4YRuQI4yZ-dI_U,2026-06-10,ok,,,,CPM Injury Law Firm (Law Firm Principal),False,,no_email,0,cpm.firm@caglefirm.com; cfirm@caglefirm.com; cpm@caglefirm.com; cpmfirm@caglefirm.com; c.firm@caglefirm.com,True,True
"Levine, Wenholz, and Smith, PLLC",injurylawyeraustintx.com,https://www.injurylawyeraustintx.com/,(512) 982-1510,"7200 N Mopac Expy #420, Austin, TX 78731",Texas,4.8,126,,True,personal injury,True,True,True,False,True,True,,1,C,personal injury,"Austin, TX",google_places,ChIJ462kmObKRIYR5pnlLLvqb5s,2026-06-10,ok,,,,Joel A. Levine (Founding Partner),False,,no_email,0,joel.levine@injurylawyeraustintx.com; jlevine@injurylawyeraustintx.com; joel@injurylawyeraustintx.com; joellevine@injurylawyeraustintx.com; j.levine@injurylawyeraustintx.com,True,True
Sneed & Mitchell LLP - Trucking Accident & Wrongful Death Lawyers®,sneedmitchell.com,https://www.sneedmitchell.com/,(512) 253-4440,"5540 N Lamar Blvd Ste #46, Austin, TX 78756",Texas,5,79,6,True,personal injury,True,True,True,False,True,True,,1,C,personal injury,"Austin, TX",google_places,ChIJ4fucwiTLRIYRRBI8X0MOx-0,2026-06-10,ok,,,,Sneed (Partner),False,,no_email,0,sneed.@sneedmitchell.com; s@sneedmitchell.com; sneed@sneedmitchell.com; s.@sneedmitchell.com,True,True
Angel Reyes & Associates,reyeslaw.com,https://www.reyeslaw.com/austin/car-accident-lawyers/?utm_source=google&utm_medium=organic&utm_campaign=local_listing_austin_gbp,(512) 975-2489,"3420 Executive Center Dr #163, Austin, TX 78731",TX,4.9,811,6,True,personal injury,True,True,True,False,True,True,,1,C,personal injury,"Austin, TX",google_places,ChIJRyuvcNzLRIYRqyep2n2r4_M,2026-06-10,ok,spencer@reyeslaw.com,personal,hunter,Spencer Browne (Personal Injury Attorney),True,hunter:valid,valid,96,spencer.browne@reyeslaw.com; sbrowne@reyeslaw.com; spencer@reyeslaw.com; spencerbrowne@reyeslaw.com; s.browne@reyeslaw.com,True,True
Williams Caputo Injury Lawyers,williamscaputo.com,https://www.williamscaputo.com/?utm_campaign=gmb&utm_medium=gbp&utm_source=google&utm_campaign=austin,(512) 842-6554,"206 Wild Basin Rd S Building A, Suite 204, Austin, TX 78746",Texas,5,323,6,True,personal injury,True,True,True,False,True,True,,1,C,personal injury,"Austin, TX",google_places,ChIJn_oaYtekFIERZOiK3T61e3w,2026-06-10,ok,joe@williamscaputo.com,personal,hunter,Joe Caputo (Founding Partner),True,hunter:valid,valid,81,joe.caputo@williamscaputo.com; jcaputo@williamscaputo.com; joe@williamscaputo.com; joecaputo@williamscaputo.com; j.caputo@williamscaputo.com,True,True
"Texas Law Guns, Injury & Accident Lawyers",vblawgroup.com,https://www.vblawgroup.com/austin/personal-injury-lawyer/?utm_source=gmb&utm_medium=organic&utm_campaign=gmb-listing-austin,(844) 771-1921,"2211 S Interstate 35 #109, Austin, TX 78741",Texas,5,160,12,True,personal injury,True,True,True,False,True,True,,1,C,personal injury,"Austin, TX",google_places,ChIJqXGXup21RIYR6uk0Jy4LtVY,2026-06-10,ok,javier@vblawgroup.com,personal,hunter,Javier Villarreal (Attorney),True,hunter:valid,valid,99,javier.villarreal@vblawgroup.com; jvillarreal@vblawgroup.com; javier@vblawgroup.com; javiervillarreal@vblawgroup.com; j.villarreal@vblawgroup.com,True,True
Kelley Wolff Injury Attorneys | Austin Accident Lawyers,texasinjuryaccidentlawyers.com,https://texasinjuryaccidentlawyers.com/,(512) 470-6068,"17800 Hamilton Pool Rd Ste. 203, Austin, TX 78738",TX,5,55,2,True,personal injury,True,True,True,True,True,True,,3,B,personal injury,"Austin, TX",google_places,ChIJAQAk91I_W4YR0c1ZQu7wpWA,2026-06-10,ok,,,,Travis S. Kelley (Partner),False,,no_email,0,travis.kelley@texasinjuryaccidentlawyers.com; tkelley@texasinjuryaccidentlawyers.com; travis@texasinjuryaccidentlawyers.com; traviskelley@texasinjuryaccidentlawyers.com; t.kelley@texasinjuryaccidentlawyers.com,True,True
The Sharp Firm,sharpfirm.com,https://www.sharpfirm.com/,(512) 407-8800,"7800 N Mopac Expy Ste 200, Austin, TX 78759",TX,4.9,96,2,True,personal injury,True,False,True,False,True,True,,2,B,personal injury,"Austin, TX",google_places,ChIJZcwx3AnLRIYR0qE4U_eFx8E,2026-06-10,ok,laura@sharpfirm.com,personal,pattern:common,Laura Sharp (Attorney),True,deliverable,valid,95,laura.sharp@sharpfirm.com; lsharp@sharpfirm.com; laura@sharpfirm.com; laurasharp@sharpfirm.com; l.sharp@sharpfirm.com,True,True
The Doan Law Firm,thedoanlawfirm.com,https://www.thedoanlawfirm.com/areas/austin-tx/?utm_source=google&utm_medium=organic&utm_campaign=gbp,(512) 806-0000,"100 Congress Ave. Ste 2000, Austin, TX 78701",TX,5,54,5,True,personal injury,True,False,True,False,True,True,,2,B,personal injury,"Austin, TX",google_places,ChIJpXYDugXLRIYRAnSQVZxfm9I,2026-06-10,ok,,,,Doan Law (Principal),False,,no_email,0,doan.law@thedoanlawfirm.com; dlaw@thedoanlawfirm.com; doan@thedoanlawfirm.com; doanlaw@thedoanlawfirm.com; d.law@thedoanlawfirm.com,True,True
Bonilla Law Firm,bonillainjurylaw.com,https://www.bonillainjurylaw.com/?utm_source=google&utm_medium=organic&utm_campaign=gbp,(512) 441-1111,"3910 S I-35 Frontage Rd #200, Austin, TX 78704",Texas,4.9,59,8,True,personal injury,True,True,True,False,True,True,,1,C,personal injury,"Austin, TX",google_places,ChIJ0Rvolo-0RIYRKdCfj5uulSo,2026-06-10,ok,bradford.bonilla@bonillainjurylaw.com,personal,guess_unconfirmed,Bradford Bonilla (Attorney),True,unknown,mx_only,50,bradford.bonilla@bonillainjurylaw.com; bbonilla@bonillainjurylaw.com; bradford@bonillainjurylaw.com; bradfordbonilla@bonillainjurylaw.com; b.bonilla@bonillainjurylaw.com,True,True
Guajardo Injury Law,guajardoinjurylaw.com,https://guajardoinjurylaw.com/?utm_source=gbp&utm_medium=organic&utm_campaign=gbp-website-austin,(512) 817-2325,"5900 Balcones Dr Ste 110, Austin, TX 78731",TX,5,109,3,True,personal injury,True,False,True,False,True,True,,2,B,personal injury,"Austin, TX",google_places,ChIJY3F4JinLRIYReqL-zibnRoM,2026-06-10,ok,,,,Michael Guajardo (Managing Partner),False,,no_email,0,michael.guajardo@guajardoinjurylaw.com; mguajardo@guajardoinjurylaw.com; michael@guajardoinjurylaw.com; michaelguajardo@guajardoinjurylaw.com; m.guajardo@guajardoinjurylaw.com,True,True
DJC Law Attorneys,teamjustice.com,https://teamjustice.com/south-austin-personal-injury-lawyers/?utm_source=google&utm_campaign=gbp-austin-south,(512) 881-7882,"5717 S I-35 Frontage Rd, Austin, TX 78744",Texas,4.7,104,10,True,personal injury,True,False,True,True,True,True,,4,A,personal injury,"Austin, TX",google_places,ChIJXc7lDhWzRIYRw2iJ0iSIras,2026-06-10,ok,dan@teamjustice.com,personal,hunter,Dan Christensen (Managing Partner),True,hunter:valid,valid,97,dan.christensen@teamjustice.com; dchristensen@teamjustice.com; dan@teamjustice.com; danchristensen@teamjustice.com; d.christensen@teamjustice.com,True,True
Cap City Injury Attorneys,capcityinjuryattorneys.com,http://capcityinjuryattorneys.com/,(512) 612-3110,"702 Rio Grande St Ste 302, Austin, TX 78701",TX,5,15,2,True,personal injury,True,False,True,False,True,True,,2,B,personal injury,"Austin, TX",google_places,ChIJi0JGWIy1RIYRUus7gwSa3ag,2026-06-10,ok,matt@capcityinjuryattorneys.com,personal,hunter,Matthew Mandelker (Attorney),True,hunter:valid,valid,97,matthew.mandelker@capcityinjuryattorneys.com; mmandelker@capcityinjuryattorneys.com; matthew@capcityinjuryattorneys.com; matthewmandelker@capcityinjuryattorneys.com; m.mandelker@capcityinjuryattorneys.com,True,True
"Winckler, Harvey & McConnell, LLP",wincklerharvey.com,https://www.wincklerharvey.com/?npcmp=dir:local:2491927:78746,(512) 593-7399,"6836 Bee Caves Rd Bldg 3, Suite 333, Austin, TX 78746",TX,4.3,71,4,True,personal injury; other,True,False,True,False,True,True,,1,C,personal injury,"Austin, TX",google_places,ChIJQ2y8tZtKW4YRlkh3Bor4mlA,2026-06-10,ok,jwinckler@wincklerharvey.com,personal,hunter,Jay Winckler (Co-founder),True,hunter:valid,valid,99,jay.winckler@wincklerharvey.com; jwinckler@wincklerharvey.com; jay@wincklerharvey.com; jaywinckler@wincklerharvey.com; j.winckler@wincklerharvey.com,True,True
Karns & Karns Personal Injury and Accident Attorneys,karnsandkarns.com,https://www.karnsandkarns.com/locations/austin/,(512) 877-2024,"2512 S I-35 Frontage Rd #350, Austin, TX 78704",TX,5,19,,True,personal injury,True,True,True,True,True,True,,3,B,personal injury,"Austin, TX",google_places,ChIJue2mbHi1RIYRWDo89QlKuYo,2026-06-10,ok,kkintake@karnsandkarns.com,personal,published,Karns (Managing Partner),True,deliverable,valid,95,,True,True
The Carlson Law Firm | Injury Lawyers,carlsonattorneys.com,https://www.carlsonattorneys.com/austin?utm_source=Google+Business+Page&utm_medium=GMB&utm_campaign=North+Austin&utm_id=North+Austin,(512) 346-5688,"11606 N Interstate Hwy 35, Austin, TX 78753",TX,4.6,140,,True,personal injury; criminal defense; family law,True,True,True,True,True,True,,3,B,personal injury,"Austin, TX",google_places,ChIJv5fL_QTLRIYRyRQfztt18o0,2026-06-10,ok,firmc@carlsonattorneys.com,personal,hunter,Carlson Law Firm (Founding Partner),True,hunter:accept_all,risky_catchall,75,carlson.firm@carlsonattorneys.com; cfirm@carlsonattorneys.com; carlson@carlsonattorneys.com; carlsonfirm@carlsonattorneys.com; c.firm@carlsonattorneys.com,True,True
"Glasheen, Valles & Inderman Injury Lawyers",gvilaw.com,https://gvilaw.com/our-office-locations/austin/,(512) 643-5500,"1703 West Ave, Austin, TX 78701",TX,5,53,10,True,personal injury,True,False,True,True,True,True,,4,A,personal injury,"Austin, TX",google_places,ChIJW2_Orwq1RIYRXJrlnMMSOac,2026-06-10,ok,,,,Kevin Glasheen (Partner),False,,no_email,0,kevin.glasheen@gvilaw.com; kglasheen@gvilaw.com; kevin@gvilaw.com; kevinglasheen@gvilaw.com; k.glasheen@gvilaw.com,True,True
Austin Car Accident and Personal Injury Lawyers – Sutliff & Stout,sutliffstout.com,https://www.sutliffstout.com/austin-personal-injury-lawyer/?utm_source=gbp&utm_campaign=Austin+TX,(512) 842-6646,"9433 Bee Caves Rd Bldg III Suite 200, Austin, TX 78733",TX,5,21,,True,personal injury,True,True,False,False,True,True,,2,B,personal injury,"Austin, TX",google_places,ChIJvQwzuAm1RIYRay8a2gvniL4,2026-06-10,ok,,,,Brett Sutliff (Founding Partner),False,,no_email,0,brett.sutliff@sutliffstout.com; bsutliff@sutliffstout.com; brett@sutliffstout.com; brettsutliff@sutliffstout.com; b.sutliff@sutliffstout.com,True,True
The Carlson Law Firm | Injury Lawyers,carlsonattorneys.com,https://www.carlsonattorneys.com/locations/south-austin?utm_source=Google+Business+Page&utm_medium=GMB&utm_campaign=South+Austin&utm_id=South+Austin,(512) 804-7277,"135 W Slaughter Ln Suite A, Austin, TX 78748",TX,4.6,205,,True,personal injury; criminal defense; family law,True,True,True,True,True,True,,3,B,personal injury,"Austin, TX",google_places,ChIJw86UuoS0RIYR9HfJvRbzv_M,2026-06-10,ok,carlson.@carlsonattorneys.com,personal,guess_unconfirmed,Carlson (Partner),True,catch_all,risky_catchall,60,carlson.@carlsonattorneys.com; c@carlsonattorneys.com; carlson@carlsonattorneys.com; c.@carlsonattorneys.com,True,True
"Howry, Breen & Herman, LLP",howrybreen.com,https://www.howrybreen.com/?utm_source=GMB&utm_medium=organic&utm_campaign=austin,(512) 430-4844,"1900 Pearl St, Austin, TX 78705",TX,5,55,7,True,personal injury,True,False,True,False,True,True,,2,B,personal injury,"Austin, TX",google_places,ChIJf4JJpnvWRIYRgqe9sVTSN-E,2026-06-10,ok,rhowry@howrybreen.com,personal,pattern:common,Randy Howry (Managing Partner),True,deliverable,valid,95,randy.howry@howrybreen.com; rhowry@howrybreen.com; randy@howrybreen.com; randyhowry@howrybreen.com; r.howry@howrybreen.com,True,True
Daniel Stark Injury Lawyers,danielstark.com,https://www.danielstark.com/south-austin/,(512) 240-9655,"1811 W Ben White Blvd Ste 101, Austin, TX 78704",Texas,4.8,118,,True,personal injury,True,False,True,False,True,True,,2,B,personal injury,"Austin, TX",google_places,ChIJJ9ZlVh9LW4YRz3X8WYqFoCE,2026-06-10,ok,info@danielstark.com,role,published,Daniel Stark (Managing Partner),True,undeliverable,invalid,5,daniel.stark@danielstark.com; dstark@danielstark.com; daniel@danielstark.com; danielstark@danielstark.com; d.stark@danielstark.com,True,True
Reyna Law Firm,reynainjurylaw.com,https://www.reynainjurylaw.com/austin,(512) 765-3181,"2025 Guadalupe St #260, Austin, TX 78705",,5,32,,False,personal injury,True,False,False,False,False,True,,3,B,personal injury,"Austin, TX",google_places,ChIJqUSe2Qu1RIYRxGJ9GhqkiME,2026-06-10,ok,,,,Reyna (Managing Partner),False,,no_email,0,reyna.@reynainjurylaw.com; r@reynainjurylaw.com; reyna@reynainjurylaw.com; r.@reynainjurylaw.com,True,True
Shaw Cowart LLP,shawcowart.com,https://www.shawcowart.com/?utm_source=google&utm_medium=organic&utm_campaign=gbp,(512) 499-8900,"1301 W 25th St #406, Austin, TX 78705",Texas,4.6,131,3,True,personal injury,True,True,True,False,True,True,,1,C,personal injury,"Austin, TX",google_places,ChIJHfewg3G1RIYRUlq7iTjOJ3Y,2026-06-10,ok,,,,Ethan L. Shaw (Founding Partner),False,,no_email,0,ethan.shaw@shawcowart.com; eshaw@shawcowart.com; ethan@shawcowart.com; ethanshaw@shawcowart.com; e.shaw@shawcowart.com,True,True
"The Zimmerman Law Firm, P.C.",thezlawfirm.com,https://www.thezlawfirm.com/austin-personal-injury-lawyer/?utm_source=gmb&utm_medium=local&utm_campaign=austin,(512) 883-9370,"809 S Lamar Blvd Ste H, Austin, TX 78704",TX,4.9,44,8,True,personal injury,True,True,True,False,True,True,,1,C,personal injury,"Austin, TX",google_places,ChIJQZ3H1b5KW4YR66URmB_U2PI,2026-06-10,ok,mzimmerman@thezlawfirm.com,personal,hunter,Michael A. Zimmerman (Founding Partner),True,hunter:valid,valid,99,michael.zimmerman@thezlawfirm.com; mzimmerman@thezlawfirm.com; michael@thezlawfirm.com; michaelzimmerman@thezlawfirm.com; m.zimmerman@thezlawfirm.com,True,True
Kelly Law Team Phoenix,jkphoenixpersonalinjuryattorney.com,https://www.jkphoenixpersonalinjuryattorney.com/?utm_source=google&utm_medium=organic&utm_campaign=gmb-phoenix,(602) 283-4122,"1 E Washington St #1520, Phoenix, AZ 85004",AZ,5,350,6,True,personal injury,True,True,True,False,True,True,,1,C,personal injury,"Phoenix, AZ",google_places,ChIJP6hZlSESK4cRZW6zfd58djA,2026-06-10,ok,johnkelly@jkphoenixpersonalinjuryattorney.com,personal,hunter,John E. Kelly (PERSONAL INJURY ATTORNEY),True,hunter:valid,valid,95,john.kelly@jkphoenixpersonalinjuryattorney.com; jkelly@jkphoenixpersonalinjuryattorney.com; john@jkphoenixpersonalinjuryattorney.com; johnkelly@jkphoenixpersonalinjuryattorney.com; j.kelly@jkphoenixpersonalinjuryattorney.com,True,True
Shapiro Law Team,shapirolawaz.com,https://shapirolawaz.com/?utm_campaign=gmb&utm_medium=local&utm_source=gmb,(480) 680-0783,"4203 E Indian School Rd #300, Phoenix, AZ 85018",AZ,5,855,14,True,personal injury,True,False,True,False,True,True,,2,B,personal injury,"Phoenix, AZ",google_places,ChIJzevGAq4LK4cRoOl6cmFDw7w,2026-06-10,ok,david@shapirolawaz.com,personal,hunter,David Shapiro (Managing Partner),True,hunter:valid,valid,95,david.shapiro@shapirolawaz.com; dshapiro@shapirolawaz.com; david@shapirolawaz.com; davidshapiro@shapirolawaz.com; d.shapiro@shapirolawaz.com,True,True
Lloyd Baker Injury Attorneys,lloydbakerinjuryattorneys.com,https://lloydbakerinjuryattorneys.com/phoenix-az/?utm_source=google&utm_medium=organic&utm_campaign=gbp,(480) 526-4924,"4428 N 12th St, Phoenix, AZ 85014",Arizona,4.9,844,,True,personal injury,True,True,True,False,True,True,,1,C,personal injury,"Phoenix, AZ",google_places,ChIJUfJhKl4SK4cRxD6GXSNY6Bg,2026-06-10,ok,lloyd.baker@lloydbakerinjuryattorneys.com,personal,guess_unconfirmed,Lloyd Baker (Managing Partner),True,catch_all,risky_catchall,60,lloyd.baker@lloydbakerinjuryattorneys.com; lbaker@lloydbakerinjuryattorneys.com; lloyd@lloydbakerinjuryattorneys.com; lloydbaker@lloydbakerinjuryattorneys.com; l.baker@lloydbakerinjuryattorneys.com,True,True
Phillips Law Group - Injury Lawyers,phillipslaw.com,https://phillipslaw.com/?utm_source=GBP&utm_medium=GBP&utm_campaign=GBP_Phoenix&utm_id=GBP_Phoenix,(602) 288-1591,"3101 N Central Ave #1500, Phoenix, AZ 85012",AZ,4.8,2524,20,True,personal injury,True,True,True,True,True,True,,3,B,personal injury,"Phoenix, AZ",google_places,ChIJayKEyV8SK4cRvCr4be5bMvo,2026-06-10,ok,jeffrey@phillipslaw.com,personal,hunter,Jeffrey L. Phillips (Attorney),True,hunter:accept_all,risky_catchall,84,jeffrey.phillips@phillipslaw.com; jphillips@phillipslaw.com; jeffrey@phillipslaw.com; jeffreyphillips@phillipslaw.com; j.phillips@phillipslaw.com,True,True
"National Injury Attorneys, LLC",nationalinjuryattorneys.com,https://nationalinjuryattorneys.com/phoenix-personal-injury-lawyer/?utm_source=organic&utm_medium=gbp,(602) 693-1910,"3030 N Central Ave Ste 1109, Phoenix, AZ 85012",Arizona,5,635,3,True,personal injury,True,False,True,True,True,True,,4,A,personal injury,"Phoenix, AZ",google_places,ChIJQYka4GQhF6IRhISqnoLpF1s,2026-06-10,ok,carl@nationalinjuryattorneys.com,personal,pattern:common,Carl Engstrand (Managing Attorney),True,deliverable,valid,95,carl.engstrand@nationalinjuryattorneys.com; cengstrand@nationalinjuryattorneys.com; carl@nationalinjuryattorneys.com; carlengstrand@nationalinjuryattorneys.com; c.engstrand@nationalinjuryattorneys.com,True,True
Hirsch & Lyon,hirschandlyonaccidentlaw.com,https://hirschandlyonaccidentlaw.com/?source=GoogelBusinessProfile&utm_source=GMBlisting&utm_medium=organic,(602) 535-1900,"1212 E Osborn Rd #200, Phoenix, AZ 85014",Arizona,4.9,335,2,True,personal injury,True,False,True,False,True,True,,2,B,personal injury,"Phoenix, AZ",google_places,ChIJE8Cjr30SK4cRhBKrHOnRi3w,2026-06-10,ok,jack@hirschandlyonaccidentlaw.com,personal,hunter,Jack Hirsch (Personal Injury Lawyer),True,hunter:valid,valid,95,jack.hirsch@hirschandlyonaccidentlaw.com; jhirsch@hirschandlyonaccidentlaw.com; jack@hirschandlyonaccidentlaw.com; jackhirsch@hirschandlyonaccidentlaw.com; j.hirsch@hirschandlyonaccidentlaw.com,True,True
Sargon Law Group,sargonlawgroup.com,https://www.sargonlawgroup.com/?utm_source=google&utm_medium=organic&utm_campaign=gmblisting,(623) 225-5635,"4105 N 20th St Ste 260, Phoenix, AZ 85016",Arizona,4.9,406,10,True,personal injury,True,True,True,False,True,True,,1,C,personal injury,"Phoenix, AZ",google_places,ChIJs1AiB2wSK4cRMpbDvPyw4dY,2026-06-10,ok,sargon@sargonlawgroup.com,personal,hunter,Sargon Khananisho (Managing Partner),True,hunter:accept_all,risky_catchall,58,sargon.khananisho@sargonlawgroup.com; skhananisho@sargonlawgroup.com; sargon@sargonlawgroup.com; sargonkhananisho@sargonlawgroup.com; s.khananisho@sargonlawgroup.com,True,True
Solorzano Law Firm,solorzanolawfirm.com,https://solorzanolawfirm.com/,(602) 507-7778,"1052 E Indian School Rd, Phoenix, AZ 85014",Arizona,5,836,,True,personal injury; immigration,True,True,True,False,True,True,,1,C,personal injury,"Phoenix, AZ",google_places,ChIJIYw6cnwTK4cRQuebTbg5X48,2026-06-10,ok,info@solorzanolawfirm.com,role,published,Jony Solorzano (Owner),True,deliverable,valid,95,jony.solorzano@solorzanolawfirm.com; jsolorzano@solorzanolawfirm.com; jony@solorzanolawfirm.com; jonysolorzano@solorzanolawfirm.com; j.solorzano@solorzanolawfirm.com,True,True
Lamber Goodnow Injury Lawyers,lambergoodnow.com,https://lambergoodnow.com/,(602) 274-9662,"2394 E Camelback Rd Ste 600, Phoenix, AZ 85016",AZ,4.9,770,3,True,personal injury,True,True,True,False,True,True,,1,C,personal injury,"Phoenix, AZ",google_places,ChIJU5Hxal4SK4cRmg5HQoSdRxo,2026-06-10,ok,mlamber@lambergoodnow.com,personal,pattern:common,Marc Lamber (Partner),True,deliverable,valid,95,marc.lamber@lambergoodnow.com; mlamber@lambergoodnow.com; marc@lambergoodnow.com; marclamber@lambergoodnow.com; m.lamber@lambergoodnow.com,True,True
Lerner and Rowe Injury Attorneys,lernerandrowe.com,https://lernerandrowe.com/arizona/phoenix/,(602) 977-1900,"2701 E Camelback Rd Ste 140, Phoenix, AZ 85016",,4.7,986,,False,personal injury,True,False,False,False,False,True,,3,B,personal injury,"Phoenix, AZ",google_places,ChIJE0qDyxINK4cRIxFs3SqL7NU,2026-06-10,ok,klerner@lernerandrowe.com,personal,hunter,Kevin Lerner (Founding Partner),True,hunter:accept_all,risky_catchall,80,kevin.lerner@lernerandrowe.com; klerner@lernerandrowe.com; kevin@lernerandrowe.com; kevinlerner@lernerandrowe.com; k.lerner@lernerandrowe.com,True,True
Harris Injury Law,callharris.com,https://www.callharris.com/?utm_campaign=gmb,(480) 397-7319,"1136 E Campbell Ave, Phoenix, AZ 85014",Arizona,5,118,2,True,personal injury,True,False,True,True,True,True,,4,A,personal injury,"Phoenix, AZ",google_places,ChIJW58gKdMTK4cRcAvs5OXSYxY,2026-06-10,ok,jason@callharris.com,personal,hunter,Jason Harris (Attorney),True,hunter:accept_all,risky_catchall,78,jason.harris@callharris.com; jharris@callharris.com; jason@callharris.com; jasonharris@callharris.com; j.harris@callharris.com,True,True
Big Auto Accident Attorneys,bigauto.com,https://bigauto.com/?utm_campaign=gmb,(480) 409-3949,"3550 N Central Ave Ste 550, Phoenix, AZ 85012",Arizona,4.9,661,8,True,personal injury,True,False,True,True,True,True,,4,A,personal injury,"Phoenix, AZ",google_places,ChIJQYIqcP11K4cRtkxwA3WnwYU,2026-06-10,ok,nic.edgson@bigauto.com,personal,hunter,Nic Edgson (CEO and Managing Attorney),True,hunter:valid,valid,95,nic.edgson@bigauto.com; nedgson@bigauto.com; nic@bigauto.com; nicedgson@bigauto.com; n.edgson@bigauto.com,True,True
Hutzler Law Personal Injury & Car Accident Lawyer Phoenix,hutzlerlaw.com,https://hutzlerlaw.com/?utm_campaign=gmb&utm_source=googlemaps,(602) 842-9940,"4323 N 12th St Ste 101, Phoenix, AZ 85014",Arizona,4.9,158,6,True,personal injury,True,True,True,False,True,True,,1,C,personal injury,"Phoenix, AZ",google_places,ChIJSSVdtkENK4cR_YNW97Ygx_g,2026-06-10,ok,jason@hutzlerlaw.com,personal,hunter,Jason Hutzler (Managing Partner),True,hunter:accept_all,risky_catchall,84,jason.hutzler@hutzlerlaw.com; jhutzler@hutzlerlaw.com; jason@hutzlerlaw.com; jasonhutzler@hutzlerlaw.com; j.hutzler@hutzlerlaw.com,True,True
Rafi Law Group,rafilawgroup.com,https://www.rafilawgroup.com/?utm_source=GMB&utm_medium=organic&utm_campaign=phoenix,(623) 207-1555,"2235 N 35th Ave #100, Phoenix, AZ 85009",AZ,4.6,3465,20,True,personal injury,True,False,True,True,True,True,,4,A,personal injury,"Phoenix, AZ",google_places,ChIJG2-BLk1uK4cRQ5fZCsoFqf4,2026-06-10,ok,brandonrafi@rafilawgroup.com,personal,pattern:common,Brandon B. Rafi (Partner),True,deliverable,valid,95,brandon.rafi@rafilawgroup.com; brafi@rafilawgroup.com; brandon@rafilawgroup.com; brandonrafi@rafilawgroup.com; b.rafi@rafilawgroup.com,True,True
Gallagher & Kennedy Injury Lawyers,gallagherkennedyinjury.com,https://www.gallagherkennedyinjury.com/,(602) 530-8400,"2575 E Camelback Rd #1100, Phoenix, AZ 85016",Arizona,4.9,144,,True,personal injury,True,True,True,False,True,True,,1,C,personal injury,"Phoenix, AZ",google_places,ChIJNeT1v18NK4cRJq6KYGu9yQ8,2026-06-10,ok,kevin.neal@gknet.com,personal,hunter,Kevin Neal (Attorney),True,hunter:valid,valid,99,kevin.neal@gallagherkennedyinjury.com; kneal@gallagherkennedyinjury.com; kevin@gallagherkennedyinjury.com; kevinneal@gallagherkennedyinjury.com; k.neal@gallagherkennedyinjury.com,True,True
Car Accident Lawyer Pros Phoenix,car-accident-lawyer-phoenix-pros.com,https://car-accident-lawyer-phoenix-pros.com/,(602) 486-7486,"5060 N 19th Ave Ste #300-8, Phoenix, AZ 85015",AZ,4.9,267,,True,personal injury,True,False,False,False,True,True,,3,B,personal injury,"Phoenix, AZ",google_places,ChIJPbzJIFsTK4cRFvNUSxdCvYk,2026-06-10,ok,,,,Car Accident Lawyer Pros (Partner),False,,no_email,0,car.pros@car-accident-lawyer-phoenix-pros.com; cpros@car-accident-lawyer-phoenix-pros.com; car@car-accident-lawyer-phoenix-pros.com; carpros@car-accident-lawyer-phoenix-pros.com; c.pros@car-accident-lawyer-phoenix-pros.com,True,True
Moore Injury Law,mooreinjurylaw.com,https://mooreinjurylaw.com/,(602) 795-6605,"5070 N 40th St Unit 240, Phoenix, AZ 85018",AZ,5,92,6,True,personal injury,True,True,True,False,True,True,,1,C,personal injury,"Phoenix, AZ",google_places,ChIJ3dmUlhENK4cRCuVdCpSpkZM,2026-06-10,ok,lewis@mooreinjurylaw.com,personal,hunter,Lewis B Moore III (FOUNDING ATTORNEY),True,hunter:valid,valid,98,lewis.moore@mooreinjurylaw.com; lmoore@mooreinjurylaw.com; lewis@mooreinjurylaw.com; lewismoore@mooreinjurylaw.com; l.moore@mooreinjurylaw.com,True,True
Esquire Law,esquirelaw.com,https://esquirelaw.com/?y_source=1_MjY3MjIzODktNzE1LWxvY2F0aW9uLndlYnNpdGU%3D,(623) 263-2626,"4747 N 22nd St Suite 300, Phoenix, AZ 85016",Arizona,4.8,520,8,True,personal injury,True,True,True,True,True,True,,3,B,personal injury,"Phoenix, AZ",google_places,ChIJK3QWXK0TK4cRfzvllM0-oe0,2026-06-10,ok,bbrown@esquirelaw.com,personal,hunter,Bryce Brown (Attorney),True,hunter:valid,valid,95,bryce.brown@esquirelaw.com; bbrown@esquirelaw.com; bryce@esquirelaw.com; brycebrown@esquirelaw.com; b.brown@esquirelaw.com,True,True
Big Chad Law Injury & Accident Lawyers,bigchadlaw.com,https://www.bigchadlaw.com/,(602) 560-5820,"1610 W McDowell Rd, Phoenix, AZ 85007",Arizona,4.9,620,4,True,personal injury; criminal defense; immigration,True,True,True,False,True,True,,1,C,personal injury,"Phoenix, AZ",google_places,ChIJd1VqW0sSK4cRMpvNtNppxpE,2026-06-10,ok,chad@bigchadlaw.com,personal,pattern:common,Chad Schaub (Managing Partner),True,deliverable,valid,95,chad.schaub@bigchadlaw.com; cschaub@bigchadlaw.com; chad@bigchadlaw.com; chadschaub@bigchadlaw.com; c.schaub@bigchadlaw.com,True,True
Phoenix Accident and Injury Law Firm,phxinjurylaw.com,https://phxinjurylaw.com/locations/chandler-car-accident-lawyers/,(480) 634-7480,"600 W Ray Rd B1, Chandler, AZ 85225",Arizona,4.8,138,6,True,personal injury,True,True,True,True,False,True,,3,B,personal injury,"Phoenix, AZ",google_places,ChIJPSt5lK4AK4cRBhYn1D4kFfs,2026-06-10,ok,christy@phxinjurylaw.com,personal,hunter,Christy Thompson (Partner),True,hunter:valid,valid,99,christy.thompson@phxinjurylaw.com; cthompson@phxinjurylaw.com; christy@phxinjurylaw.com; christythompson@phxinjurylaw.com; c.thompson@phxinjurylaw.com,True,True
Morgan & Morgan,forthepeople.com,https://www.forthepeople.com/office-locations/arizona/phoenix/?utm_source=GMB&utm_medium=local&utm_campaign=PhoenixAZGMB,(602) 735-0250,"2355 E Camelback Rd Ste 335, Phoenix, AZ 85016",AZ,4.7,2953,18,True,personal injury; other,True,True,True,True,True,True,,3,B,personal injury,"Phoenix, AZ",google_places,ChIJ_ebI6c8TK4cRoLOmWnznGSQ,2026-06-10,ok,mmorgan@forthepeople.com,personal,pattern:common,Matt Morgan (Principal),True,deliverable,valid,95,matt.morgan@forthepeople.com; mmorgan@forthepeople.com; matt@forthepeople.com; mattmorgan@forthepeople.com; m.morgan@forthepeople.com,True,True
Gage Mathers Law Group,gagemathers.com,https://www.gagemathers.com/,(602) 258-0646,"2525 E Arizona Biltmore Cir, Phoenix, AZ 85016",Arizona,4.7,94,4,True,personal injury,True,True,True,True,True,True,,3,B,personal injury,"Phoenix, AZ",google_places,ChIJKbm3rEcNK4cRVmn3eX4ANyc,2026-06-10,ok,martin@gagemathers.com,personal,hunter,Martin H. Mathers (Trial Lawyer & Certified Specialist in Personal Injury and Wrongful Death),True,hunter:accept_all,risky_catchall,78,martin.mathers@gagemathers.com; mmathers@gagemathers.com; martin@gagemathers.com; martinmathers@gagemathers.com; m.mathers@gagemathers.com,True,True
Friedl Richardson,friedlrichardson.com,https://www.friedlrichardson.com/,(602) 553-2220,"13633 N Cave Creek Rd, Phoenix, AZ 85022",AZ,4.9,130,4,True,personal injury,True,False,True,False,True,True,,2,B,personal injury,"Phoenix, AZ",google_places,ChIJvTFocDNwK4cRH6g5W02BqBg,2026-06-10,ok,,,,William J Friedl (Managing Partner),False,,no_email,0,william.friedl@friedlrichardson.com; wfriedl@friedlrichardson.com; william@friedlrichardson.com; williamfriedl@friedlrichardson.com; w.friedl@friedlrichardson.com,True,True
Goldberg & Osborne - Phoenix Injury Lawyers,1800theeagle.com,https://1800theeagle.com/locations/east-phoenix/?utm_source=googsmbs&utm_medium=organic&utm_campaign=organic,(602) 808-6200,"2600 N 44th St Ste A200, Phoenix, AZ 85008",AZ,4.6,386,10,True,personal injury,True,False,True,True,True,True,,4,A,personal injury,"Phoenix, AZ",google_places,ChIJx1RiRDgMK4cRHtVCI6Tz8nQ,2026-06-10,ok,mgoldberg@1800theeagle.com,personal,hunter,Mark Goldberg (Founding Partner),True,hunter:valid,valid,95,mark.goldberg@1800theeagle.com; mgoldberg@1800theeagle.com; mark@1800theeagle.com; markgoldberg@1800theeagle.com; m.goldberg@1800theeagle.com,True,True
"McCormick Law, Car Wreck Attorneys PLLC",limits.law,https://limits.law/,(602) 806-7099,"20 E Thomas Rd #2200, Phoenix, AZ 85012",Arizona,4.8,477,5,True,personal injury,True,True,True,False,True,True,,1,C,personal injury,"Phoenix, AZ",google_places,ChIJr9QAyaMTK4cR6aAPilb2AeY,2026-06-10,ok,,,,Cagney McCormick (Owner),False,,no_email,0,cagney.mccormick@limits.law; cmccormick@limits.law; cagney@limits.law; cagneymccormick@limits.law; c.mccormick@limits.law,True,True
"Ramos Law Personal Injury & Accident Lawyers - Phoenix, Arizona",ramoslaw.com,https://www.ramoslaw.com/phoenix-arizona/?utm_source=GBP&utm_medium=organic&utm_campaign=phoenix_arizona,(480) 877-9700,"4201 N 24th St #240, Phoenix, AZ 85016",Arizona,4.9,72,,True,personal injury,True,True,True,False,True,True,,1,C,personal injury,"Phoenix, AZ",google_places,ChIJ0xuXI84NK4cRyoz5zC1WS2U,2026-06-10,ok,pwilkinson@ramoslaw.com,personal,hunter,Paul Wilkinson (Managing Partner),True,hunter:valid,valid,97,paul.wilkinson@ramoslaw.com; pwilkinson@ramoslaw.com; paul@ramoslaw.com; paulwilkinson@ramoslaw.com; p.wilkinson@ramoslaw.com,True,True
Zanes Law Injury Lawyers,zaneslaw.com,https://zaneslaw.com/phoenix-injury/?utm_source=google&utm_medium=organic&utm_campaign=phoenix,(602) 960-3571,"3333 E Camelback Rd Unit 250, Phoenix, AZ 85018",Arizona,4.8,738,,True,personal injury,True,True,True,True,True,True,,3,B,personal injury,"Phoenix, AZ",google_places,ChIJFypeKkgMK4cRAlpFj8PnyKs,2026-06-10,ok,info@zaneslaw.com,role,published,Zane Zanes (Founding Partner),True,undeliverable,invalid,5,zane.zanes@zaneslaw.com; zzanes@zaneslaw.com; zane@zaneslaw.com; zanezanes@zaneslaw.com; z.zanes@zaneslaw.com,True,True
"Kamper & Estrada, PLLC",lawphx.com,https://www.lawphx.com/,(602) 875-0006,"3030 N 3rd St Suite 770, Phoenix, AZ 85012",Arizona,5,201,3,True,personal injury; other,True,True,True,False,True,True,,1,C,personal injury,"Phoenix, AZ",google_places,ChIJccWBPMASK4cRCfV5wvjTPQI,2026-06-10,ok,ekamper@lawphx.com,personal,hunter,Elizabeth Kamper (Attorney),True,hunter:valid,valid,95,elizabeth.kamper@lawphx.com; ekamper@lawphx.com; elizabeth@lawphx.com; elizabethkamper@lawphx.com; e.kamper@lawphx.com,True,True
AJ Law - Accident Justice,accidentjustice.com,https://accidentjustice.com/?utm_source=google&utm_medium=organic&utm_campaign=gmb-Phoenix,(602) 353-7576,"7201 N 7th St Suite B, Phoenix, AZ 85020",Arizona,4.9,140,6,True,personal injury,True,True,True,True,True,True,,3,B,personal injury,"Phoenix, AZ",google_places,ChIJVXvkPzxuK4cRjZCztIQBBPU,2026-06-10,ok,abdul@accidentjustice.com,personal,hunter,Abdul Jaiteh (Esq.),True,hunter:accept_all,risky_catchall,80,abdul.jaiteh@accidentjustice.com; ajaiteh@accidentjustice.com; abdul@accidentjustice.com; abduljaiteh@accidentjustice.com; a.jaiteh@accidentjustice.com,True,True
TopDog Law Personal Injury Lawyers,topdoglaw.com,https://topdoglaw.com/locations/phoenix-az/personal-injury-lawyer/?utm_source=google&utm_medium=organic&utm_campaign=GMB-Central-Phoenix-AZ,(602) 428-9331,"2700 N Central Ave Ste 320B, Phoenix, AZ 85004",Arizona,4.7,263,,True,personal injury,True,False,True,False,True,True,,2,B,personal injury,"Phoenix, AZ",google_places,ChIJ4UFBdGwTK4cRqIdenf_xFUU,2026-06-10,ok,whiteglove@topdoglaw.com,personal,published,John D. Smith (Managing Partner),True,catch_all,risky_catchall,60,john.smith@topdoglaw.com; jsmith@topdoglaw.com; john@topdoglaw.com; johnsmith@topdoglaw.com; j.smith@topdoglaw.com,True,True
Thompson Law,1800lionlaw.com,https://1800lionlaw.com/az/phoenix/?utm_source=google&utm_medium=organic&utm_campaign=gbp_phoenix&utm_content=maps,(480) 660-0884,"4745 N 7th St Ste 230, Phoenix, AZ 85014",Texas,4.8,53,32,True,personal injury,True,True,True,False,True,True,,1,C,personal injury,"Phoenix, AZ",google_places,ChIJrS-TSKoTK4cRkprKMfnnY1Q,2026-06-10,ok,,,,Zack Thompson (CEO),False,,no_email,0,zack.thompson@1800lionlaw.com; zthompson@1800lionlaw.com; zack@1800lionlaw.com; zackthompson@1800lionlaw.com; z.thompson@1800lionlaw.com,True,True
Lebovitz Law Group,lebovitzlawgroup.com,https://www.lebovitzlawgroup.com/,(602) 975-5550,"55 E Lexington Ave, Phoenix, AZ 85012",Arizona,5,183,4,True,personal injury,True,True,True,False,True,True,,1,C,personal injury,"Phoenix, AZ",google_places,ChIJ6Seo5mYTK4cRc2GRZXY0IVo,2026-06-10,ok,brandon@lebovitzlawgroup.com,personal,pattern:common,Brandon Lebovitz (Managing Attorney),True,deliverable,valid,95,brandon.lebovitz@lebovitzlawgroup.com; blebovitz@lebovitzlawgroup.com; brandon@lebovitzlawgroup.com; brandonlebovitz@lebovitzlawgroup.com; b.lebovitz@lebovitzlawgroup.com,True,True
